,created_at_utc,submission_id,num_comments,score,subreddit_id,subreddit_name,subreddit_subscribers,title,upvote_ratio,article_url,submission_url
0,2019-04-18 13:26:31,t3_belji1,454,7904,t5_2qi58,soccer,1893814,Some Benfica fans travelled to the wrong City of Frankfurt ahead of today EL clash. They went to Frankfurt (Oder) in Eastern Germany instead of Frankfurt (Main). They're 600km appart,0.97,https://de.onefootball.com/haha-benfica-fan-faehrt-ins-falsche-frankfurt/,/r/soccer/comments/belji1/some_benfica_fans_travelled_to_the_wrong_city_of/
1,2020-01-05 14:44:22,t3_ekdu41,183,7459,t5_2qi58,soccer,1893813,Mario Balotelli scored the first Serie A goal of the decade for the second time in his career.,0.98,https://onefootball.com/en/news/why-always-him-this-mario-balotelli-stat-will-blow-you-away-en-28635282?,/r/soccer/comments/ekdu41/mario_balotelli_scored_the_first_serie_a_goal_of/
2,2018-07-09 16:02:19,t3_8xd10i,404,3984,t5_2qi58,soccer,1893814,"Hazard: ""N'golo is the best player in the world in his position. When he's on form you have a 95% chance of winning the game""",0.96,https://fr.onefootball.com/hazard-fan-des-bleus/,/r/soccer/comments/8xd10i/hazard_ngolo_is_the_best_player_in_the_world_in/
3,2019-04-17 12:21:46,t3_be74nh,257,3528,t5_2qi58,soccer,1893814,"Robert Snodgrass fined ¬£30,000 and given a one match ban for reportedly telling a UK anti doping official ‚ÄúHaven‚Äôt you got anything better to do you fucking cunt?‚Äù",0.99,https://onefootball.com/en/news/what-robert-snodgrass-is-alleged-to-have-said-to-get-his-one-game-ban-en-25216564?variable=20190417,/r/soccer/comments/be74nh/robert_snodgrass_fined_30000_and_given_a_one/
4,2019-07-29 11:10:32,t3_cj9tai,768,3443,t5_2qi58,soccer,1893814,Gareth Bale left 'furious' after Florentino Perez blocks China move,0.97,https://onefootball.com/cms/en/26533311,/r/soccer/comments/cj9tai/gareth_bale_left_furious_after_florentino_perez/
5,2019-11-29 17:23:33,t3_e3hos9,272,3422,t5_2qi58,soccer,1893814,"Luis Suarez: ‚ÄúI like Abraham, Chelsea‚Äôs No9. In my opinion he is an incredible striker with a good finishing and who moves incredible despite of his youth.‚Äù",0.98,https://onefootball.com/en/news/exclusive-luis-suarez-on-abraham-lautaro-and-griezmanns-struggles-en-28204127?variable=20191129,/r/soccer/comments/e3hos9/luis_suarez_i_like_abraham_chelseas_no9_in_my/
6,2019-07-25 07:58:29,t3_chkqsn,330,2557,t5_2qi58,soccer,1893814,Notts County to ask Juventus for a favour 116 years in the making,0.99,https://onefootball.com/en/news/notts-county-to-ask-juventus-for-a-favour-116-years-in-the-making-en-26478085?variable=20190725,/r/soccer/comments/chkqsn/notts_county_to_ask_juventus_for_a_favour_116/
7,2017-06-21 12:14:53,t3_6ilfgs,415,2442,t5_2qi58,soccer,1893814,√Ångel Di Mar√≠a sentenced to one year in prison for tax fraud,0.91,https://en.onefootball.com/angel-di-maria-sentenced-one-year-prison-tax-fraud/,/r/soccer/comments/6ilfgs/√°ngel_di_mar√≠a_sentenced_to_one_year_in_prison/
8,2020-02-03 14:25:14,t3_ey7v3y,234,2282,t5_2qi58,soccer,1893814,"Southampton 'left shocked' by Arsenal signing C√©dric Soares because Arsenal will end up paying ¬£5m (loan fee and wages) for someone out of favour, injured and available for free in four months.",0.94,https://onefootball.com/en/news/southampton-left-shocked-by-arsenal-signing-cedric-soares-en-28999270?variable=20200203&_branch_match_id=752881931639054046,/r/soccer/comments/ey7v3y/southampton_left_shocked_by_arsenal_signing/
9,2019-04-23 08:18:27,t3_bgdut1,881,1827,t5_2qi58,soccer,1893814,"Sterling: ""I would call for an automatic 9-point deduction for racist abuse. It sounds harsh but which fan will risk racist behaviour if it might relegate their team or ruin their title bid? Also the club should have to play 3 games behind closed doors.""",0.82,https://en.onefootball.com/raheem-sterling-calls-for-nine-point-deduction-for-racist-abuse/,/r/soccer/comments/bgdut1/sterling_i_would_call_for_an_automatic_9point/
10,2019-02-25 13:07:14,t3_aul27a,439,1369,t5_2qn0o,LiverpoolFC,234780,Liverpool will back J√ºrgen Klopp with even more funds this summer,0.99,https://onefootball.com/en/news/liverpool-will-back-juergen-klopp-with-even-more-funds-this-summer-en-24403640?variable=20190225,/r/LiverpoolFC/comments/aul27a/liverpool_will_back_j√ºrgen_klopp_with_even_more/
11,2019-03-22 15:38:23,t3_b46j0u,138,1301,t5_2rxse,reddevils,223931,Neymar charged by UEFA after social media outburst against Manchester United,0.98,https://onefootball.com/en/news/neymar-charged-by-uefa-after-social-media-outburst-en-24832325?variable=20190322,/r/reddevils/comments/b46j0u/neymar_charged_by_uefa_after_social_media/
12,2019-05-24 12:49:11,t3_bsgj5q,188,1279,t5_2qi58,soccer,1893814,"Max Allegri was present at the inauguration of Geronimo, a new restaurant in Via Garibaldi in Dairago. When asked by fans who was taking over at Juventus, he said: ""The man from Manchester is coming!"" Don't think he was talking about Ole.",0.96,https://onefootball.com/en/news/a-manager-of-manchester-is-coming-allegri-mischievously-drops-guardiola-hint-en-25755733?variable=20190524,/r/soccer/comments/bsgj5q/max_allegri_was_present_at_the_inauguration_of/
13,2018-07-26 09:34:01,t3_920sx9,220,1121,t5_2qi58,soccer,1893815,James Rodriguez must pay ‚Ç¨11.65m for tax fraud relating to his time spent with Real Madrid. The Colombian faces having to pay this amount for money earned in image rights after signing for Madrid from Monaco in July 2014,0.97,https://en.onefootball.com/james-rodriguez-will-have-to-pay-11-65m-for-tax-fraud-in-spain/,/r/soccer/comments/920sx9/james_rodriguez_must_pay_1165m_for_tax_fraud/
14,2019-05-19 05:29:21,t3_bqdek3,72,1004,t5_2qi58,soccer,1893814,Thorgan Hazard confirms he will join Borussia Dortmund,0.98,https://en.onefootball.com/thorgan-hazard-confirms-he-will-join-borussia-dortmund/,/r/soccer/comments/bqdek3/thorgan_hazard_confirms_he_will_join_borussia/
15,2019-09-13 07:42:21,t3_d3luu8,396,921,t5_2qi58,soccer,1893814,"Ter Stegen: ""This national break was a deep hit for me... Its hard to find an explanation for this... Every game i try to give my best.""",0.96,https://onefootball.com/de/news/barcelona-torhueter-marc-andre-ter-stegen-diese-laenderspielpause-war-ein-tiefschlag-de-27178536?variable=20190913,/r/soccer/comments/d3luu8/ter_stegen_this_national_break_was_a_deep_hit_for/
16,2019-09-18 11:44:57,t3_d5wjo3,40,878,t5_2qi58,soccer,1893814,"Eintracht Frankfurt player Danny da Costa sues his mother for not giving him back some of his youth football jerseys, including his U17 Bundesliga Championship game jersey.",0.98,https://onefootball.com/de/news/eintracht-frankfurts-danny-da-costa-verklagt-angeblich-seine-mutter-wegen-trikots-de-27255800?variable=20190918,/r/soccer/comments/d5wjo3/eintracht_frankfurt_player_danny_da_costa_sues/
17,2019-06-09 17:37:22,t3_bymrf0,221,722,t5_2qi58,soccer,1893815,Antione Griezmann ‚Äòlooks set‚Äô to join PSG,0.95,https://en.onefootball.com/antoine-griezmann-looks-set-to-join-paris-saint-germain/amp/,/r/soccer/comments/bymrf0/antione_griezmann_looks_set_to_join_psg/
18,2019-11-29 16:47:39,t3_e3h5z5,29,607,t5_2rsl6,chelseafc,169633,"Luis Suarez: ‚ÄúI like Abraham, Chelsea‚Äôs No9. In my opinion he is an incredible striker with a good finishing and who moves incredible despite of his youth.‚Äù",0.99,https://onefootball.com/cms/en/28204127,/r/chelseafc/comments/e3h5z5/luis_suarez_i_like_abraham_chelseas_no9_in_my/
19,2018-11-14 22:13:46,t3_9x4sfq,78,553,t5_2qi58,soccer,1893815,From summer 2017 until now Blaise Matuidi has played in 80 games for club and country. Engine.,0.91,https://onefootball.com/en/news/blaise-matuidi-has-played-an-unreal-number-of-games-since-last-summer-en-22641021?variable=20181115&_branch_match_id=591376931045204533,/r/soccer/comments/9x4sfq/from_summer_2017_until_now_blaise_matuidi_has/
20,2017-04-18 19:01:26,t3_664ww8,89,517,t5_2qi58,soccer,1893814,Barcelona have scored at least 3 goals in their last 8 home CL games. Juventus are unbeaten away this CL season and haven't conceded for 441 minutes.,0.94,https://www.onefootball.com/cms/en/13903968?variable=2017-04-18T17:29:49Z,/r/soccer/comments/664ww8/barcelona_have_scored_at_least_3_goals_in_their/
21,2019-09-27 16:37:46,t3_da2yus,83,430,t5_2qi58,soccer,1893814,"Brendan Rodgers about Ricardo Pereira being snubbed by the NT: ‚ÄúPortugal must have top-level right-backs if he‚Äôs not even in the squad. It‚Äôs absolutely incredible.""",0.96,https://en.onefootball.com/brendan-rodgers-cant-believe-ricardo-cant-get-in-the-portugal-squad/,/r/soccer/comments/da2yus/brendan_rodgers_about_ricardo_pereira_being/
22,2019-04-17 12:25:44,t3_be760r,3,414,t5_3o4mw,SaddestBackflip,13637,"Robert Snodgrass fined ¬£30,000 and given a one match ban for reportedly telling a UK anti doping official ‚ÄúHaven‚Äôt you got anything better to do you fucking cunt?‚Äù",0.99,https://onefootball.com/en/news/what-robert-snodgrass-is-alleged-to-have-said-to-get-his-one-game-ban-en-25216564?variable=20190417,/r/SaddestBackflip/comments/be760r/robert_snodgrass_fined_30000_and_given_a_one/
23,2020-02-13 12:55:19,t3_f39k7c,100,399,t5_2qi58,soccer,1893814,"[Sky Kaveh] Jadon Sancho is currently NOT a 'player of interest' to Manchester City as they believe Raheem Sterling, Bernardo Silva and Riyad Mahrez are all capable options in that position.",0.91,https://onefootball.com/en/news/borussia-dortmund-star-not-a-player-of-interest-to-man-city-amid-talk-of-summer-exit-en-29109238?variable=20200213,/r/soccer/comments/f39k7c/sky_kaveh_jadon_sancho_is_currently_not_a_player/
24,2020-02-24 12:43:55,t3_f8qopk,58,390,t5_2rr0e,realmadrid,60894,Hazard has missed more games in one season at Real Madrid than he has in seven years at the Premier League,0.99,https://onefootball.com/cms/en/29245128,/r/realmadrid/comments/f8qopk/hazard_has_missed_more_games_in_one_season_at/
25,2019-10-11 15:32:38,t3_dggu02,79,313,t5_2qi58,soccer,1893815,"Despite their worst start in 20 years, Lyon has been rocking the highest average attendance in L1 (50 857) above PSG (47 377) and Marseille (47 312). Significant rise from last year too.",0.95,https://onefootball.com/fr/news/les-supporters-de-lol-montrent-leur-maturite-fr-27590634?variable=20191011,/r/soccer/comments/dggu02/despite_their_worst_start_in_20_years_lyon_has/
26,2016-12-27 11:47:28,t3_5kjd6n,18,313,t5_2rxse,reddevils,223931,The best photo of the Scorpion King last night/ HD,0.98,https://www.onefootball.com/magazine/wp-content/uploads/2016/12/Manchester-United-v-Sunderland-Premier-League-e1482774701396.jpg,/r/reddevils/comments/5kjd6n/the_best_photo_of_the_scorpion_king_last_night_hd/
27,2018-04-02 00:13:37,t3_88va5t,27,271,t5_2s14k,MCFC,65421,"Guardiola: ""I want to win the Premier League. I love Manchester City, I am a Barcelona fan, I grew up there, my heart is there, but now I am part of this club, I love to work here.""",0.99,https://onefootball.com/en/news/guardiola-working-on-plans-to-halt-almost-unstoppable-salah-and-liverpool-en-19548691?variable=20180402,/r/MCFC/comments/88va5t/guardiola_i_want_to_win_the_premier_league_i_love/
28,2018-08-15 17:04:34,t3_97k0yp,22,262,t5_2qi58,soccer,1893814,League One club accidentally show porn at half-time,0.92,https://onefootball.com/en/news/league-one-club-accidentally-show-porn-at-half-time-en-21084047?variable=20180815,/r/soccer/comments/97k0yp/league_one_club_accidentally_show_porn_at_halftime/
29,2020-02-20 20:07:59,t3_f6yuf7,75,239,t5_2qi58,soccer,1893815,"Partey: ""I want to retire at Atl√©tico Madrid""",0.96,https://en.onefootball.com/thomas-partey-i-want-to-retire-at-atletico-madrid/,/r/soccer/comments/f6yuf7/partey_i_want_to_retire_at_atl√©tico_madrid/
30,2019-10-03 21:33:21,t3_dcxldv,37,231,t5_2qi58,soccer,1893815,Achraf Hakimi: ‚ÄúIt wouldn‚Äôt be defeat if I don‚Äôt return to Real Madrid‚Äù,0.95,https://onefootball.com/en/news/achraf-hakimi-it-wouldnt-be-defeat-if-i-dont-return-to-real-madrid-en-27487477?variable=20191003,/r/soccer/comments/dcxldv/achraf_hakimi_it_wouldnt_be_defeat_if_i_dont/
31,2019-11-06 12:58:34,t3_dsfybb,69,231,t5_2qi58,soccer,1893815,"Alf-Inge H√•land on his son Erling Braut: ‚ÄúHe was a Leeds, [Man] City and Nottingham Forest fan ‚Äì he followed me in his youth"". He would like to play in the Premier League, but when that will happen, I don‚Äôt know.",0.95,https://onefootball.com/en/news/erling-haaland-interested-in-future-premier-league-move-says-father-alf-inge-en-27909200?variable=20191106&amp=true,/r/soccer/comments/dsfybb/alfinge_h√•land_on_his_son_erling_braut_he_was_a/
32,2017-06-18 06:50:15,t3_6hydhm,10,223,t5_2qi58,soccer,1893815,Parma Promoted to Serie B!,0.9,https://www.onefootball.com/cms/en/14926502?variable=2017-06-17T18:23:31Z&_branch_match_id=178905347929470164,/r/soccer/comments/6hydhm/parma_promoted_to_serie_b/
33,2018-02-05 21:54:49,t3_7vicpb,67,219,t5_2s561,Barca,68311,[Loan] Deulofeu scores with Watford in his Man of the Match performance against Chelsea,0.97,https://webapp.onefootball.com/en/match/match-overview-9-541763,/r/Barca/comments/7vicpb/loan_deulofeu_scores_with_watford_in_his_man_of/
34,2019-11-05 13:20:21,t3_drz1nu,38,211,t5_2rr0e,realmadrid,60894,"Vinicius- ""I had proposals from Real Madrid, PSG and Barcelona too. My father told me that I had to choose and to follow my heart. ‚ÄúAt Real Madrid I felt a special connection, with Karim Benzema too. He always talks to me and takes pressure away from me.‚Äù",0.99,https://en.onefootball.com/vinicius-junior-reveals-why-he-chose-real-madrid-over-barcelona/,/r/realmadrid/comments/drz1nu/vinicius_i_had_proposals_from_real_madrid_psg_and/
35,2019-02-09 23:02:10,t3_aoxw3x,55,206,t5_2rbnb,MLS,126927,Giovani dos Santos set to join Liga MX giants after contract issues,0.9,https://en.onefootball.com/giovani-dos-santos-set-to-join-liga-mx-giants-after-contract-issues/,/r/MLS/comments/aoxw3x/giovani_dos_santos_set_to_join_liga_mx_giants/
36,2020-01-17 12:20:00,t3_epznms,111,201,t5_2qi58,soccer,1893815,[Bild] Bayern open to selling 'divisive' Thiago this summer. His contract runs out in 2021.,0.94,https://en.onefootball.com/bayern-munich-open-to-selling-divisive-thiago-this-summer/,/r/soccer/comments/epznms/bild_bayern_open_to_selling_divisive_thiago_this/
37,2019-10-03 21:38:57,t3_dcxo2m,35,193,t5_2svdo,borussiadortmund,26596,"Hakimi ""Both clubs have to talk with each other and then make a decision. It wouldn‚Äôt be a defeat if I don‚Äôt return to Real Madrid this summer""",1.0,https://onefootball.com/en/news/achraf-hakimi-it-wouldnt-be-defeat-if-i-dont-return-to-real-madrid-en-27487477?variable=20191003,/r/borussiadortmund/comments/dcxo2m/hakimi_both_clubs_have_to_talk_with_each_other/
38,2019-07-16 10:03:39,t3_cdv15w,18,191,t5_2qi58,soccer,1893815,üö® Dortmund confirm transfer agreement with PSG for Diallo,0.96,https://en.onefootball.com/%F0%9F%9A%A8-dortmund-confirm-transfer-agreement-with-psg/,/r/soccer/comments/cdv15w/dortmund_confirm_transfer_agreement_with_psg_for/
39,2015-01-28 17:50:11,t3_2tzfo6,59,181,t5_2qi58,soccer,1893814,Pirlo: Pogba will never return to Manchester United,0.9,http://app.onefootball.com/#!/news/+a3898573/80033599,/r/soccer/comments/2tzfo6/pirlo_pogba_will_never_return_to_manchester_united/
40,2020-01-21 15:06:44,t3_ervud5,1,178,t5_2qkr5,football,137821,üì∏üá¶üá∑ One year on: Nantes to honour Emiliano Sala with special kits,0.99,https://onefootball.com/en/news/one-year-on-nantes-to-honour-emiliano-sala-with-special-kits-en-28831656?variable=2020-01-21T12:00:37Z&utm_medium=onefootball&utm_source=Copy&_branch_match_id=243396780244124146,/r/football/comments/ervud5/one_year_on_nantes_to_honour_emiliano_sala_with/
41,2018-12-23 16:52:01,t3_a8w5h9,16,178,t5_2s14k,MCFC,65421,"Fernandinho refusing NT call ups due to ""abuse""",0.97,https://onefootball.com/en/news/brazil-coach-reveals-reason-why-fernandinho-refused-call-up-en-23379179?variable=20181223,/r/MCFC/comments/a8w5h9/fernandinho_refusing_nt_call_ups_due_to_abuse/
42,2018-07-10 11:21:47,t3_8xo3x9,6,177,t5_2rsl6,chelseafc,169634,"Hazard: ""N'golo is the best player in the world in his position. When he's on form you have a 95% chance of winning the game""",0.97,https://fr.onefootball.com/hazard-fan-des-bleus/,/r/chelseafc/comments/8xo3x9/hazard_ngolo_is_the_best_player_in_the_world_in/
43,2018-09-14 01:38:48,t3_9fnx3t,15,175,t5_2s561,Barca,68311,Messi liked Busquets after just three days of training ‚Äì Guardiola,0.99,https://onefootball.com/en/news/messi-liked-busquets-after-just-three-days-of-training-guardiola-en-21571018?variable=20180914,/r/Barca/comments/9fnx3t/messi_liked_busquets_after_just_three_days_of/
44,2017-06-12 18:27:46,t3_6gu40a,22,171,t5_2qi58,soccer,1893816,[Sky Sport 24] Gianluigi Buffon '99.9 percent certain' he will retire after next season,0.92,https://en.onefootball.com/gianluigi-buffon-99-9-percent-certain-will-retire-next-season/?_branch_match_id=402878822505465207,/r/soccer/comments/6gu40a/sky_sport_24_gianluigi_buffon_999_percent_certain/
45,2018-12-22 21:03:10,t3_a8og8t,9,166,t5_2sgxj,fcbayern,28750,"With his brace today, Franck Ribery has become the oldest Bayern Munich player to score more than one goal in a Bundesliga game at 35 years and 259 days!",0.99,https://onefootball.com/en/news/old-but-gold-ribery-double-breaks-bayern-munich-record-en-23368053?variable=20181222&utm_medium=onefootball&utm_source=Copy&_branch_match_id=605130214099545848,/r/fcbayern/comments/a8og8t/with_his_brace_today_franck_ribery_has_become_the/
46,2019-09-04 07:28:02,t3_czhla1,16,162,t5_2s14k,MCFC,65421,Bernardo Silva says Man City players should win more FIFA/UEFA awards,0.99,https://en.onefootball.com/bernardo-silva-says-man-city-players-should-win-more-fifa-uefa-awards/,/r/MCFC/comments/czhla1/bernardo_silva_says_man_city_players_should_win/
47,2018-11-01 18:57:53,t3_9tcc50,36,149,t5_2qi58,soccer,1893815,üé• The most stupid offside you'll ever see from the Romanian cup,0.94,https://onefootball.com/en/news/the-most-stupid-offside-youll-ever-see-en-22426693?variable=20181101&_branch_match_id=474055684754022702,/r/soccer/comments/9tcc50/the_most_stupid_offside_youll_ever_see_from_the/
48,2019-12-20 12:47:35,t3_ed9rib,12,149,t5_2sgxj,fcbayern,28750,Bayern Munich lead the revenue earnings after the UEFA Champions League group stage,0.99,https://onefootball.com/en/news/how-much-each-club-has-earned-in-the-champions-league-this-season-en-28471966?variable=20191220&utm_medium=onefootball&utm_source=Copy&_branch_match_id=736543063379082683,/r/fcbayern/comments/ed9rib/bayern_munich_lead_the_revenue_earnings_after_the/
49,2019-04-30 12:52:13,t3_bj2xk9,30,144,t5_2s14k,MCFC,65421,"7 years ago today, a towering header from Kompany",0.99,https://en.onefootball.com/%F0%9F%8E%A5-on-this-day-kompany-sets-city-on-way-to-epic-title-win/,/r/MCFC/comments/bj2xk9/7_years_ago_today_a_towering_header_from_kompany/
50,2019-01-06 12:30:08,t3_ad57ge,31,141,t5_2qi58,soccer,1893815,Gianluigi Buffon reveals Federico Chiesa almost made him retire,0.89,https://onefootball.com/en/news/gianluigi-buffon-reveals-federico-chiesa-almost-made-him-retire-en-23537227?variable=20190106,/r/soccer/comments/ad57ge/gianluigi_buffon_reveals_federico_chiesa_almost/
51,2019-11-05 10:27:51,t3_drxcfb,81,138,t5_2qhqt,Gunners,154844,PSG Talk: Dear Arsenal Fans; Life is Better Without Unai Emery,0.88,https://onefootball.com/en/news/opinion-dear-arsenal-fans-life-is-better-without-unai-emery-en-27895261?variable=20191105,/r/Gunners/comments/drxcfb/psg_talk_dear_arsenal_fans_life_is_better_without/
52,2016-05-24 19:08:55,t3_4kvglr,32,125,t5_2qi58,soccer,1893816,"W√ºrzburger Kickers defeat MSV Duisburg 4-1 on aggregate in playoff, will be promoted to 2. Bundesliga",0.9,https://www.onefootball.com/en-US/match/msv-duisburg-vs-wuerzburg-overview-2-480092?period=FullTime&variable=g3,/r/soccer/comments/4kvglr/w√ºrzburger_kickers_defeat_msv_duisburg_41_on/
53,2019-06-19 14:18:53,t3_c2hnhj,31,122,t5_2qi58,soccer,1893816,Luis Enrique steps down as Spain's Manager. Roberto Moreno will take over.,0.96,https://onefootball.com/en/news/luis-enrique-steps-down-as-spain-boss-en-26040113?variable=20190619&_branch_match_id=623924429721876307,/r/soccer/comments/c2hnhj/luis_enrique_steps_down_as_spains_manager_roberto/
54,2018-03-03 01:39:52,t3_81l4g8,19,120,t5_2s561,Barca,68311,Gremio officials fly to Barcelona to close arthur deal,0.96,http://en.onefootball.com/gremio-officials-fly-to-barcelona-to-close-arthur-deal/,/r/Barca/comments/81l4g8/gremio_officials_fly_to_barcelona_to_close_arthur/
55,2017-01-18 12:30:11,t3_5op2pj,29,114,t5_2rxse,reddevils,223931,In pictures: The evolution of Manchester United‚Äôs crest,0.99,https://www.onefootball.com/magazine/manchester-united-crest-evolution/,/r/reddevils/comments/5op2pj/in_pictures_the_evolution_of_manchester_uniteds/
56,2018-11-27 00:30:46,t3_a0pew9,29,115,t5_2rbnb,MLS,126927,Chelsea ready to pay ‚Ç¨75m [$85m] to get Pulisic deal done in January: Sarri sees the USA captain as the ideal replacement for Eden Hazard,0.93,https://onefootball.com/en/news/chelsea-ready-to-pay-75m-to-get-pulisic-deal-done-in-january-en-22855906,/r/MLS/comments/a0pew9/chelsea_ready_to_pay_75m_85m_to_get_pulisic_deal/
57,2020-02-05 23:03:44,t3_ezibgz,14,114,t5_2qi58,soccer,1893816,"German Regionalliga-S√ºdwest club 1. FC Saarbr√ºcken is only the third fourth-division team to ever reach the quarter finals of the DFB-Pokal, the last being Holstein Kiel 8 years ago in 2011/12 season",0.93,https://onefootball.com/de/news/dfb-pokal-fcb-zittert-sich-weiter-viertligist-im-viertelfinale-de-29026973?variable=20200205,/r/soccer/comments/ezibgz/german_regionalligas√ºdwest_club_1_fc_saarbr√ºcken/
58,2019-12-03 06:06:54,t3_e5cpqx,35,112,t5_2qi58,soccer,1893815,Jadon Sancho picks up Borussia Dortmund's player of the month award,0.91,https://onefootball.com/en/news/sancho-picks-up-borussia-dortmunds-player-of-the-month-award-en-28249359?variable=20191201,/r/soccer/comments/e5cpqx/jadon_sancho_picks_up_borussia_dortmunds_player/
59,2020-02-02 21:30:53,t3_exvlo0,75,112,t5_2qi58,soccer,1893816,Carlo Ancelotti targets Europa League spot for resurgent Everton,0.91,https://en.onefootball.com/carlo-ancelotti-targets-europa-league-spot-for-resurgent-everton/,/r/soccer/comments/exvlo0/carlo_ancelotti_targets_europa_league_spot_for/
60,2019-07-31 08:04:08,t3_ck5etm,30,109,t5_2qi58,soccer,1893816,Patrice Evra reveals how a chicken helped him sign for Man Utd,0.9,https://en.onefootball.com/patrice-evra-reveals-how-a-chicken-helped-him-sign-for-man-utd/,/r/soccer/comments/ck5etm/patrice_evra_reveals_how_a_chicken_helped_him/
61,2019-10-14 09:35:41,t3_dho828,7,104,t5_2qkr5,football,137821,Real Madrid duo Modric and Bale hobble out of Euro 2020 qualifier,0.99,https://onefootball.com/en/news/real-madrid-duo-modric-and-bale-hobble-out-of-euro-2020-qualifier-en-27621633?variable=20191014,/r/football/comments/dho828/real_madrid_duo_modric_and_bale_hobble_out_of/
62,2019-03-06 03:43:39,t3_axuabg,62,104,t5_2qhqt,Gunners,154844,Hakim Ziyech's agent wants player to join Liverpool or Arsenal,0.9,https://onefootball.com/en/news/hakim-ziyechs-agent-wants-player-to-join-liverpool-or-arsenal-en-22057580?variable=20190306,/r/Gunners/comments/axuabg/hakim_ziyechs_agent_wants_player_to_join/
63,2019-05-13 15:31:14,t3_bo4y9o,62,107,t5_2qi58,soccer,1893816,PSG reignite their interest for Napoli's Allan. Napoli wanted ‚Ç¨100m in the winter but may be willing to drop that as PSG don't want to go beyond ‚Ç¨60m-‚Ç¨80m,0.96,https://en.onefootball.com/psg-reignite-interest-in-napoli-midfielder/,/r/soccer/comments/bo4y9o/psg_reignite_their_interest_for_napolis_allan/
64,2020-02-20 20:17:18,t3_f6yznh,9,105,t5_2v6bc,atletico,9318,"Partey: ""I want to retire at Atl√©tico Madrid""",1.0,https://en.onefootball.com/thomas-partey-i-want-to-retire-at-atletico-madrid/,/r/atletico/comments/f6yznh/partey_i_want_to_retire_at_atl√©tico_madrid/
65,2019-02-08 14:06:50,t3_aogtx5,23,99,t5_2qi58,soccer,1893816,"Barcelona's Arthur injured, expected return after 1 month, likely to miss the back-to-back Clasicos at the end of this month.",0.9,https://onefootball.com/en/news/breaking-news-barcelona-suffer-arthur-injury-blow-en-24113757?variable=20190208,/r/soccer/comments/aogtx5/barcelonas_arthur_injured_expected_return_after_1/
66,2019-12-05 11:45:44,t3_e6g385,20,93,t5_2qi58,soccer,1893816,Atl√©tico facing potential stadium ban after 'Griezmann die' chants,0.93,https://onefootball.com/en/news/atletico-facing-potential-stadium-ban-after-griezmann-die-chants-en-28262585?variable=20191205,/r/soccer/comments/e6g385/atl√©tico_facing_potential_stadium_ban_after/
67,2018-11-25 22:16:03,t3_a0d14j,32,89,t5_2sgxj,fcbayern,28750,Uli Hoene√ü calls for German media to be harsher on Bayern players,0.93,https://en.onefootball.com/uli-hoenes-calls-for-german-media-to-be-harsher-on-bayern-players/,/r/fcbayern/comments/a0d14j/uli_hoene√ü_calls_for_german_media_to_be_harsher/
68,2019-05-27 11:44:21,t3_btl1ne,5,84,t5_2qi58,soccer,1893816,Eden Hazard wins PFA Fans‚Äô Player Of The Year award,0.92,https://onefootball.com/en/news/hazard-beats-liverpool-and-man-city-stars-to-pfa-fans-award-en-25794227?variable=20190527,/r/soccer/comments/btl1ne/eden_hazard_wins_pfa_fans_player_of_the_year_award/
69,2019-09-18 11:52:18,t3_d5wml4,21,87,t5_2qi58,soccer,1893816,"PSG Coach Tuchel: ""Benzema is one of the most underrated players in the world. Been the no. 9 at Real Madrid for whats feeling like 25 years. There have been a lot of strikers since then but he's world class.""",0.87,https://onefootball.com/de/news/psg-coach-thomas-tuchel-schwaermt-von-real-stuermer-karim-benzema-er-ist-weltklasse-de-27256404?variable=20190918,/r/soccer/comments/d5wml4/psg_coach_tuchel_benzema_is_one_of_the_most/
70,2019-04-18 07:41:00,t3_beisye,19,86,t5_2sco3,Hammers,12819,"Robert Snodgrass fined ¬£30,000 and given a one match ban for reportedly telling a UK anti doping official ‚ÄúHaven‚Äôt you got anything better to do you fucking cunt?‚Äù",0.96,https://onefootball.com/en/news/what-robert-snodgrass-is-alleged-to-have-said-to-get-his-one-game-ban-en-25216564?variable=20190417,/r/Hammers/comments/beisye/robert_snodgrass_fined_30000_and_given_a_one/
71,2018-06-04 15:59:50,t3_8oiep2,97,84,t5_2qi58,soccer,1893816,"Yaya in France Football: 'He was cruel with me. Do you really think he could've been like that with Iniesta? It got to the point I asked myself if it was because of my colour. I'm not the first, other Bar√ßa players asked the question too.'",0.76,https://en.onefootball.com/yaya-toure-claims-that-pep-guardiola-does-not-like-african-players/,/r/soccer/comments/8oiep2/yaya_in_france_football_he_was_cruel_with_me_do/
72,2018-03-19 15:53:35,t3_85ki51,82,85,t5_2svdo,borussiadortmund,26596,"In case Tuchel takes the job at bayern, Hummels wants to leave immediately. Might come back to BVB according to Kicker",0.93,https://www.onefootball.com/de/news/transfergeruecht-mats-hummels-koennte-vom-fc-bayern-zum-bvb-zurueckkehren-de-19415052,/r/borussiadortmund/comments/85ki51/in_case_tuchel_takes_the_job_at_bayern_hummels/
73,2020-02-11 08:00:13,t3_f25as7,64,87,t5_2qi58,soccer,1893816,Report: Marotta meets with Raiola as Inter consider ‚Ç¨50m Donnarumma bid,0.81,https://onefootball.com/en/news/report-marotta-meets-with-raiola-as-inter-consider-50m-donnarumma-bid-en-28075544?variable=20200211&fbclid=IwAR3z4uPuQonUEmPiozXclcMpuzQY0iO92cyJ7b-hURxN5OklJeJ-2Ubq6sc,/r/soccer/comments/f25as7/report_marotta_meets_with_raiola_as_inter/
74,2017-11-12 20:46:03,t3_7chzlf,38,83,t5_2rxse,reddevils,223931,"""Selling Paul Pogba was the best deal of my career"" - Giuseppe Marotta Juventus CEO",0.91,https://en.onefootball.com/selling-paul-pogba-best-deal-career/,/r/reddevils/comments/7chzlf/selling_paul_pogba_was_the_best_deal_of_my_career/
75,2019-03-28 18:28:48,t3_b6meuv,58,78,t5_2qi58,soccer,1893816,"Lucas Hernandez, Jerome Boateng and Skrinar are the only defenders in the top 5 leagues who haven't made a mistake leading to a shot",0.77,https://onefootball.com/en/news/fewer-errors-than-van-dijk-how-lucas-compares-to-europes-best-en-24908787?variable=20190328&_branch_match_id=639880259703443999,/r/soccer/comments/b6meuv/lucas_hernandez_jerome_boateng_and_skrinar_are/
76,2018-01-04 12:43:11,t3_7o2q98,4,79,t5_2sgxj,fcbayern,28750,Niklas S√ºle has the highest passing accuracy in the Bundesliga (94.2%),0.98,https://de.onefootball.com/bayern-und-bvb-vorne-das-sind-die-zehn-besten-bl-passgeber/,/r/fcbayern/comments/7o2q98/niklas_s√ºle_has_the_highest_passing_accuracy_in/
77,2019-08-19 12:40:21,t3_csgjav,39,81,t5_22i0,de,243430,üì∏ Bester Mann: Subotiƒá f√§hrt nach Union-Spiel mit der Bahn nach Hause,0.8,https://de.onefootball.com/%f0%9f%93%b8-bester-mann-subotic-faehrt-nach-union-spiel-mit-der-bahn-nach-hause/,/r/de/comments/csgjav/bester_mann_subotiƒá_f√§hrt_nach_unionspiel_mit_der/
78,2018-07-28 16:22:35,t3_92nbku,25,81,t5_34ahu,LAFC,6564,LAFC is the 3rd most valuable football team in the Americas,0.91,https://onefootball.com/en/news/the-15-most-most-valuable-teams-in-north-and-south-america-en-20755766?variable=20180728,/r/LAFC/comments/92nbku/lafc_is_the_3rd_most_valuable_football_team_in/
79,2017-08-10 12:50:25,t3_6st324,141,82,t5_2svdo,borussiadortmund,26596,"Ousman Dembele didn't turn up to training today, club bosses don't know where he is.",0.97,https://de.onefootball.com/ousmane-dembele/,/r/borussiadortmund/comments/6st324/ousman_dembele_didnt_turn_up_to_training_today/
80,2019-04-18 14:29:49,t3_bem7oa,13,79,t5_2qgzy,sports,16727850,Some Benfica fans travelled to the wrong City of Frankfurt ahead of today Europa League clash. They went to Frankfurt (Oder) in Eastern Germany instead of Frankfurt (Main). They're 600km appart,0.96,https://de.onefootball.com/haha-benfica-fan-faehrt-ins-falsche-frankfurt/,/r/sports/comments/bem7oa/some_benfica_fans_travelled_to_the_wrong_city_of/
81,2018-09-18 20:04:20,t3_9gy8yh,5,79,t5_2sgxj,fcbayern,28750,Kovac applauds Sanches ahead of Benfica homecoming,0.96,https://onefootball.com/en/news/kovac-applauds-sanches-ahead-of-benfica-homecoming-en-21654942?variable=20180918,/r/fcbayern/comments/9gy8yh/kovac_applauds_sanches_ahead_of_benfica_homecoming/
82,2019-10-01 07:38:46,t3_dbpw55,18,79,t5_2qi58,soccer,1893816,"On their way home after their 4:0 away Victory vs K√∂ln on Sunday evening, the Hertha BSC plane was hit by a lightning strike. They landed safe in Berlin though.",0.93,https://onefootball.com/de/news/boeser-schreck-im-siegesrausch-blitz-trifft-hertha-flieger-de-27449187?variable=20191001,/r/soccer/comments/dbpw55/on_their_way_home_after_their_40_away_victory_vs/
83,2018-12-09 16:36:08,t3_a4m7mo,12,80,t5_2sk2p,ussoccer,40637,Antonee Robinson out until 2019 after ankle surgery. He got injured before the US Games on November.,0.97,https://en.onefootball.com/antonee-robinson-out-until-2019-after-ankle-surgery/,/r/ussoccer/comments/a4m7mo/antonee_robinson_out_until_2019_after_ankle/
84,2019-08-30 16:49:57,t3_cxjkef,38,78,t5_2qi58,soccer,1893816,"Dortmund already hit with injuries of key players: Hazard and Witsel. Thorgan will be out for weeks for a rib injury, Witsel has a torn muscle fiber and will miss at least tomorrow's match against Union Berlin.",0.93,https://en.onefootball.com/%F0%9F%9A%A8-borussia-dortmund-without-axel-witsel-for-capital-clash/,/r/soccer/comments/cxjkef/dortmund_already_hit_with_injuries_of_key_players/
85,2018-10-22 18:47:08,t3_9qgq5s,27,70,t5_2s561,Barca,68311,Barcelona decide against logo redesign,0.91,https://onefootball.com/en/news/barcelona-decide-against-logo-redesign-after-protests-from-members-en-22247768?variable=20181022,/r/Barca/comments/9qgq5s/barcelona_decide_against_logo_redesign/
86,2018-08-05 22:06:18,t3_94vnr8,6,75,t5_2sk2p,ussoccer,40637,David Alaba impressed by Bayern Munich new boy Chris Richards,0.95,https://en.onefootball.com/david-alaba-impressed-by-bayern-munich-new-boy-chris-richards/,/r/ussoccer/comments/94vnr8/david_alaba_impressed_by_bayern_munich_new_boy/
87,2016-08-21 15:22:15,t3_4yvce9,82,73,t5_2rxse,reddevils,223931,Great words from Griezmann about Pogba and United,0.87,https://www.onefootball.com/en/news/pogba-can-provide-the-spectacular-for-manchester-united-says-griezmann-en-9721844?variable=2016-08-21T14:36:51Z,/r/reddevils/comments/4yvce9/great_words_from_griezmann_about_pogba_and_united/
88,2019-08-12 08:38:06,t3_cp9m65,41,73,t5_2qi58,soccer,1893816,Veratti: I want Neymar to stay at PSG,0.84,https://onefootball.com/en/news/verratti-i-want-neymar-to-stay-at-psg-en-26734496?variable=20190812,/r/soccer/comments/cp9m65/veratti_i_want_neymar_to_stay_at_psg/
89,2019-05-19 12:37:50,t3_bqggsn,12,74,t5_2qi58,soccer,1893816,Roma considering summer approach for Marcelo Bielsa,0.93,https://en.onefootball.com/roma-considering-summer-approach-for-marcelo-bielsa/,/r/soccer/comments/bqggsn/roma_considering_summer_approach_for_marcelo/
90,2019-01-16 16:04:10,t3_agmknm,31,70,t5_2qpfg,Everton,20371,Morgan Schneiderlin linked with Roma move,1.0,https://en.onefootball.com/morgan-schneiderlin-linked-with-roma-move/,/r/Everton/comments/agmknm/morgan_schneiderlin_linked_with_roma_move/
91,2018-11-26 23:09:02,t3_a0opdz,160,69,t5_2qi58,soccer,1893816,Chelsea ready to pay ‚Ç¨75m Euros to get Pulisic deal done in January: Sarri sees the USA captain as the ideal replacement for Eden Hazard,0.7,https://onefootball.com/en/news/chelsea-ready-to-pay-75m-to-get-pulisic-deal-done-in-january-en-22855906,/r/soccer/comments/a0opdz/chelsea_ready_to_pay_75m_euros_to_get_pulisic/
92,2017-06-26 10:45:55,t3_6jkbw7,30,70,t5_2rsl6,chelseafc,169634,Eden Hazard invests in American soccer team,0.94,https://en.onefootball.com/eden-hazard-invests-american-soccer-team/?_branch_match_id=407835850887831098,/r/chelseafc/comments/6jkbw7/eden_hazard_invests_in_american_soccer_team/
93,2019-09-10 13:30:25,t3_d27ka9,5,65,t5_2qn0o,LiverpoolFC,234781,"Pearce update on VVD, Gini, Matip and Milner contracts",0.89,https://onefootball.com/en/news/respected-liverpool-journalist-provides-quadruple-contract-update-on-lfc-starters-en-27144337?variable=20190910,/r/LiverpoolFC/comments/d27ka9/pearce_update_on_vvd_gini_matip_and_milner/
94,2019-07-29 03:34:33,t3_cj5s9x,15,64,t5_2qi58,soccer,1893816,Fiorentina interested in Franck Ribery,0.89,https://onefootball.com/it/notizie/lindiscrezione-clamorosa-la-fiorentina-in-corsa-per-ribery-it-26531253?variable=20190728,/r/soccer/comments/cj5s9x/fiorentina_interested_in_franck_ribery/
95,2018-06-09 19:43:21,t3_8pvbsq,33,63,t5_2sgxj,fcbayern,28750,Renato Sanches will stay at Bayern after Benfica loan collapses - Onefootball,0.92,https://www.onefootball.com/cms/en/20285479?variable=2018-06-09T14:47:53Z,/r/fcbayern/comments/8pvbsq/renato_sanches_will_stay_at_bayern_after_benfica/
96,2020-01-05 14:46:07,t3_ekduss,3,59,t5_2rzix,seriea,9218,Mario Balotelli scored the first Serie A goal of the decade for the second time in his career.,1.0,https://onefootball.com/en/news/why-always-him-this-mario-balotelli-stat-will-blow-you-away-en-28635282?,/r/seriea/comments/ekduss/mario_balotelli_scored_the_first_serie_a_goal_of/
97,2020-01-04 22:12:23,t3_ek3e8b,22,60,t5_2uh0l,LigaMX,16900,America Looking to Send Nico Castillo to LA Galaxy or Inter Miami,0.96,https://en.onefootball.com/two-mls-clubs-emerge-as-favourites-to-sign-americas-nico-castillo/,/r/LigaMX/comments/ek3e8b/america_looking_to_send_nico_castillo_to_la/
98,2019-08-30 19:06:19,t3_cxldfq,17,62,t5_2sk2p,ussoccer,40637,US-Eligible ‚Äúnext Virgil Van Dijk‚Äù Iffy Udanoh signs with Aston Villa over Liverpool.,0.9,https://en.onefootball.com/aston-villa-win-race-for-the-next-virgil-van-dijk/amp/,/r/ussoccer/comments/cxldfq/useligible_next_virgil_van_dijk_iffy_udanoh_signs/
99,2020-02-27 13:05:39,t3_fabszf,9,54,t5_2s561,Barca,68311,Another One Bites the Board: Rakitic Bemoans Lack of Squad Depth at Bar√ßa,0.95,https://en.onefootball.com/ivan-rakitic-bemoans-lack-of-squad-depth-at-barca/,/r/Barca/comments/fabszf/another_one_bites_the_board_rakitic_bemoans_lack/
100,2018-11-10 11:22:54,t3_9vtkvr,27,57,t5_2svdo,borussiadortmund,26596,B√ºrki likely out vs Bayern after missing the final training session...,0.92,https://onefootball.com/de/news/medien-bvb-star-droht-gegen-bayern-auszufallen-de-22585354?variable=20181110,/r/borussiadortmund/comments/9vtkvr/b√ºrki_likely_out_vs_bayern_after_missing_the/
101,2019-04-18 13:37:33,t3_belnkk,20,54,t5_22i0,de,243430,Zwei Benfica Fans sind ins falsche Frankfurt gefahren,0.88,https://de.onefootball.com/haha-benfica-fan-faehrt-ins-falsche-frankfurt/,/r/de/comments/belnkk/zwei_benfica_fans_sind_ins_falsche_frankfurt/
102,2018-10-26 23:15:27,t3_9rpmqx,20,51,t5_2sk2p,ussoccer,40637,2020 Copa America confirmed (possible US invitation),0.94,https://en.onefootball.com/copa-america-to-take-place-in-2020-as-part-of-conmebol-switch/,/r/ussoccer/comments/9rpmqx/2020_copa_america_confirmed_possible_us_invitation/
103,2020-02-03 15:09:22,t3_ey8gh2,10,54,t5_2tboa,SaintsFC,8262,"Southampton 'left shocked' by Arsenal signing C√©dric Soares because Arsenal will end up paying ¬£5m (loan fee and wages) for someone out of favour, injured and available for free in four months.",0.95,https://onefootball.com/en/news/southampton-left-shocked-by-arsenal-signing-cedric-soares-en-28999270?variable=20200203&_branch_match_id=752881931639054046,/r/SaintsFC/comments/ey8gh2/southampton_left_shocked_by_arsenal_signing/
104,2018-05-28 04:22:12,t3_8mndlj,15,52,t5_2qi58,soccer,1893816,"Deschamps: ""Dembele will be fit to play for tonight's friendly""",0.86,https://onefootball.com/fr/news/deschamps-dembele-sera-disponible-demain-fr-20158710?variable=20180528,/r/soccer/comments/8mndlj/deschamps_dembele_will_be_fit_to_play_for/
105,2017-08-29 14:58:14,t3_6wrr16,3,54,t5_2rr0e,realmadrid,60895,Cristiano Ronaldo scored his first league goal for Real Madrid eight years ago today,0.96,https://en.onefootball.com/ronaldo-scored-his-first-goal-for-real-madrid-eight-years-ago-today/,/r/realmadrid/comments/6wrr16/cristiano_ronaldo_scored_his_first_league_goal/
106,2019-07-25 08:05:55,t3_chksvu,13,55,t5_2t9a7,Juve,26182,This is nice! I hope they get help from our side so things look good in the future.,0.96,https://onefootball.com/en/news/notts-county-to-ask-juventus-for-a-favour-116-years-in-the-making-en-26478085?variable=20190725,/r/Juve/comments/chksvu/this_is_nice_i_hope_they_get_help_from_our_side/
107,2017-03-04 13:20:15,t3_5xguvp,30,55,t5_2ryq7,coys,66847,Pochettino please with Janssen training response after recent comments,0.97,https://www.onefootball.com/en/news/pochettino-pleased-with-janssen-response-en-13030882?variable=2017-03-03T22:14:13Z,/r/coys/comments/5xguvp/pochettino_please_with_janssen_training_response/
108,2017-03-02 19:36:53,t3_5x5eh3,24,52,t5_2svdo,borussiadortmund,26596,[German] Pulisic on why he declined to go to Liverpool (translation in comments),0.98,https://www.onefootball.com/de/news/borussia-dortmund-christian-pulisic-erklaert-liverpool-absage-de-13008518?variable=2017-03-02T17:53:42Z,/r/borussiadortmund/comments/5x5eh3/german_pulisic_on_why_he_declined_to_go_to/
109,2019-10-12 15:42:08,t3_dgwrn4,4,46,t5_2v6bc,atletico,9318,Hector Herrera scores a banger for Mexico,0.97,https://onefootball.com/en/news/-es-27604846?variable=20191012,/r/atletico/comments/dgwrn4/hector_herrera_scores_a_banger_for_mexico/
110,2019-07-17 20:33:09,t3_ceiebl,36,49,t5_2s82y,Bundesliga,286304,Laut 'Bild': 'Eurosport' verkauft √úbertragungsrechte f√ºr Bundesliga,0.95,https://onefootball.com/de/news/laut-bild-eurosport-verkauft-uebertragungsrechte-fuer-bundesliga-de-26377782?variable=20190717,/r/Bundesliga/comments/ceiebl/laut_bild_eurosport_verkauft_√ºbertragungsrechte/
111,2017-08-01 07:35:31,t3_6qupos,27,52,t5_2sgxj,fcbayern,28750,Ancelotti: Renato Sanches Will Stay At Bayern Munich,0.96,https://www.onefootball.com/cms/en/15594988?variable=2017-07-31T17:56:13Z,/r/fcbayern/comments/6qupos/ancelotti_renato_sanches_will_stay_at_bayern/
112,2019-08-06 14:52:45,t3_cmrkr6,21,47,t5_2qkhk,italy,184317,I telecronisti del Borussia Dortmund nei guai per offese razziste agli italiani,0.92,https://it.onefootball.com/%F0%9F%8E%A5-i-telecronisti-del-bvb-nei-guai-per-offese-razziste-agli-italiani/,/r/italy/comments/cmrkr6/i_telecronisti_del_borussia_dortmund_nei_guai_per/
113,2019-02-11 08:16:16,t3_ape5nh,6,48,t5_2sgxj,fcbayern,28750,Bayern Munich reportedly pursuing Monaco teenager Hannibal Mejbri (Couldn‚Äôt find original source),0.93,https://onefootball.com/en/news/bayern-munich-reportedly-pursuing-monaco-teenager-hannibal-mejbri-en-24164139?variable=20190211,/r/fcbayern/comments/ape5nh/bayern_munich_reportedly_pursuing_monaco_teenager/
114,2018-12-07 13:41:27,t3_a3zyvt,14,44,t5_2rsl6,chelseafc,169634,Sarri earning his spurs just as Guardiola did,0.9,https://onefootball.com/en/news/chelsea-v-manchester-city-sarri-earning-his-spurs-just-as-guardiola-did-en-23047016?variable=20181207,/r/chelseafc/comments/a3zyvt/sarri_earning_his_spurs_just_as_guardiola_did/
115,2020-01-11 07:30:34,t3_en4if5,212,43,t5_2qi58,soccer,1893815,Declan Rice: ‚ÄúI don‚Äôt think it‚Äôs just me. It‚Äôs the thought of pretty much every Premier League player. I don‚Äôt think anybody wants to have VAR in the game.‚Äù,0.61,https://en.onefootball.com/declan-rice-livid-after-last-gasp-var-decision-goes-against-him/,/r/soccer/comments/en4if5/declan_rice_i_dont_think_its_just_me_its_the/
116,2019-12-10 05:29:34,t3_e8md7n,15,45,t5_3bpge,CanadianPL,5337,"Jeff Paulus: ‚ÄúThe World Cup in the [United] States [in 1994] was what drove MLS, and you look at how the game took off from it. It will have the same impact here when we host in 2026.‚Äù",0.96,https://onefootball.com/en/news/fc-edmontons-jeff-paulus-the-canadian-premier-league-will-be-front-page-news-en-28319641?variable=2019-12-07T20:40:07Z,/r/CanadianPL/comments/e8md7n/jeff_paulus_the_world_cup_in_the_united_states_in/
117,2019-11-05 20:53:04,t3_ds5dp5,18,47,t5_2wjn5,minnesotaunited,17354,BENEDETTI WATCH IS BACK ON!,0.97,https://en.onefootball.com/nicolas-benedetti-allegedly-benched-due-to-his-jeremy-menez-friendship/amp/?__twitter_impression=true,/r/minnesotaunited/comments/ds5dp5/benedetti_watch_is_back_on/
118,2019-10-14 11:03:33,t3_dhozxr,0,46,t5_2vvzn,FCInterMilan,7812,"Gentleman First, Then Champion ‚Äì A Memoir to Javier Zanetti",0.95,https://onefootball.com/en/news/gentleman-first-then-champion-a-memoir-to-javier-zanetti-en-27623894?variable=20191014,/r/FCInterMilan/comments/dhozxr/gentleman_first_then_champion_a_memoir_to_javier/
119,2019-08-06 22:05:16,t3_cmww9g,29,46,t5_2qi58,soccer,1893816,"Ex-brazilian wonderkid, Drogbinha wants to come back to Brazil",0.84,https://onefootball.com/br/noticias/ex-promessa-do-flamengo-drogbinha-nao-descarta-voltar-ao-brasil-br-26363945?variable=20190806,/r/soccer/comments/cmww9g/exbrazilian_wonderkid_drogbinha_wants_to_come/
120,2019-06-07 20:06:49,t3_bxz6lo,10,46,t5_2uh0l,LigaMX,16900,Tigres interested in signing Lucas Silva from Real Madrid.,0.9,https://es.onefootball.com/tigres-buscara-fichar-a-lucas-silva-del-real-madrid/,/r/LigaMX/comments/bxz6lo/tigres_interested_in_signing_lucas_silva_from/
121,2018-05-07 11:20:13,t3_8hmqbj,25,48,t5_2sgxj,fcbayern,28750,Schalke eye summer move for Bayern Munich midfielder Sebastian Rudy,0.99,https://en.onefootball.com/schalke-eye-summer-move-for-bayern-munich-midfielder-sebastian-rudy/,/r/fcbayern/comments/8hmqbj/schalke_eye_summer_move_for_bayern_munich/
122,2018-09-05 14:07:01,t3_9d6vd1,46,46,t5_2rnmt,ACMilan,17245,"‚ÄúAC Milan are the favourites to land Adrien Rabiot from Paris Saint-Germain‚Äù in January, according to one Italian agent close to the deal.",0.89,https://en.onefootball.com/ac-milan-favourites-for-adrien-rabiots-signature-in-january/,/r/ACMilan/comments/9d6vd1/ac_milan_are_the_favourites_to_land_adrien_rabiot/
123,2018-05-12 17:16:49,t3_8ixg4p,7,47,t5_2qt6s,hsv,1520,Captain Gotoku Sakai announces under tears that he will extend his contract and go down with the club üíô,0.98,https://onefootball.com/de/news/auch-in-liga-zwei-der-kapitaen-bleibt-an-bord-de-20001022?variable=20180512,/r/hsv/comments/8ixg4p/captain_gotoku_sakai_announces_under_tears_that/
124,2019-08-20 09:35:28,t3_csvput,12,41,t5_2qi58,soccer,1893815,Thiago Silva optimistic Neymar will snub Barcelona for PSG stay,0.8,https://onefootball.com/en/news/thiago-silva-optimistic-neymar-will-snub-barcelona-for-psg-stay-en-26849370?variable=20190820,/r/soccer/comments/csvput/thiago_silva_optimistic_neymar_will_snub/
125,2018-10-12 18:11:06,t3_9nmn0p,16,44,t5_2s14k,MCFC,65421,‚ÄúOleksandr Zinchenko ‚Äòopen to Napoli move‚Äô claims agent‚Äù... Again,0.91,http://en.onefootball.com/oleksandr-zinchenko-open-to-napoli-move-claims-agent/,/r/MCFC/comments/9nmn0p/oleksandr_zinchenko_open_to_napoli_move_claims/
126,2019-04-17 13:05:28,t3_be7kls,13,40,t5_2teb8,LeedsUnited,8746,I miss snoddy,0.95,https://onefootball.com/en/news/what-robert-snodgrass-is-alleged-to-have-said-to-get-his-one-game-ban-en-25216564?variable=20190417,/r/LeedsUnited/comments/be7kls/i_miss_snoddy/
127,2018-07-26 12:07:17,t3_921of5,14,40,t5_2qi58,soccer,1893816,"Liverpool fined ‚Ç¨ 8,000 for pre-Roma trouble",0.79,https://onefootball.com/en/news/liverpool-escape-serious-punishment-for-pre-roma-trouble-en-20734886?variable=20180726,/r/soccer/comments/921of5/liverpool_fined_8000_for_preroma_trouble/
128,2019-12-26 13:45:30,t3_efvl1p,10,40,t5_2tboa,SaintsFC,8262,Ralph Hasenh√ºttl admits Southampton aim to make two January additions,0.98,https://en.onefootball.com/ralph-hasenhuttl-admits-southampton-aim-to-make-two-january-additions/,/r/SaintsFC/comments/efvl1p/ralph_hasenh√ºttl_admits_southampton_aim_to_make/
129,2019-08-23 14:30:09,t3_cueo03,1,43,t5_2s14k,MCFC,65421,Rodri can play in same Spain midfield as Busquets ‚Äì Moreno,0.95,https://onefootball.com/en/news/rodri-can-play-in-same-spain-midfield-as-busquets-moreno-en-26893007?variable=20190823,/r/MCFC/comments/cueo03/rodri_can_play_in_same_spain_midfield_as_busquets/
130,2018-06-24 17:34:43,t3_8tje2n,66,38,t5_2qi58,soccer,1893815,"Pogba: ""I'm realistic about the fact that it may be my last World Cup.""",0.62,https://onefootball.com/en/news/it-may-be-my-last-world-cup-realistic-pogba-determined-to-reign-in-russia-en-20428844?variable=20180624,/r/soccer/comments/8tje2n/pogba_im_realistic_about_the_fact_that_it_may_be/
131,2018-11-20 16:37:52,t3_9ytrmu,7,40,t5_2qi58,soccer,1893815,UEFA intends to roll out VAR in its competitions next season but it could be introduced earlier in the Champions League and Europa League.,0.9,https://onefootball.com/en/news/var-a-possibility-for-champions-league-knockout-rounds-en-22750682?variable=20181120,/r/soccer/comments/9ytrmu/uefa_intends_to_roll_out_var_in_its_competitions/
132,2019-10-14 11:02:38,t3_dhozle,6,37,t5_2qi58,soccer,1893815,"Gentleman First, Then Champion ‚Äì A Memoir to Javier Zanetti",0.86,https://onefootball.com/en/news/gentleman-first-then-champion-a-memoir-to-javier-zanetti-en-27623894?variable=20191014,/r/soccer/comments/dhozle/gentleman_first_then_champion_a_memoir_to_javier/
133,2019-05-28 18:18:44,t3_bu3gth,19,36,t5_2uh0l,LigaMX,16900,J√ºrgen Damm hints that he will leave Tigres this summer.,0.93,https://en.onefootball.com/jurgen-damm-hints-that-he-will-leave-tigres-this-summer/,/r/LigaMX/comments/bu3gth/j√ºrgen_damm_hints_that_he_will_leave_tigres_this/
134,2019-09-27 07:28:46,t3_d9wy4c,19,36,t5_2tbky,psg,12284,Kevin De Bruyne's former manager insists he should join PSG,0.9,https://onefootball.com/en/news/kevin-de-bruynes-former-manager-insists-he-should-join-psg-en-27385676?variable=20190927,/r/psg/comments/d9wy4c/kevin_de_bruynes_former_manager_insists_he_should/
135,2018-07-13 17:54:23,t3_8ym65p,34,35,t5_2uh0l,LigaMX,16900,Am√©rica have not received any offers for Edson √Ålvarez,0.98,https://en.onefootball.com/america-has-not-received-any-offers-for-edson-alvarez/,/r/LigaMX/comments/8ym65p/am√©rica_have_not_received_any_offers_for_edson/
136,2018-08-27 21:20:18,t3_9aswy0,4,37,t5_2t9a7,Juve,26182,Juventus looking to build second stadium for their B and women's team,0.96,https://en.onefootball.com/juventus-looking-to-build-second-stadium-for-their-b-and-womens-team/,/r/Juve/comments/9aswy0/juventus_looking_to_build_second_stadium_for/
137,2017-10-30 17:10:09,t3_79p4dy,25,35,t5_2sgxj,fcbayern,28750,Rummenigge says ‚ÄúI don‚Äôt think we have any problematic areas‚Äù and plays down the need for a backup striker. Thoughts? I don‚Äôt agree with him on this one,0.87,https://www.onefootball.com/cms/en/17247814?variable=2017-10-30T11:38:39Z,/r/fcbayern/comments/79p4dy/rummenigge_says_i_dont_think_we_have_any/
138,2018-12-17 02:45:55,t3_a6vply,0,35,t5_3994g,FCCincinnati,7133,English write up on Mat√≠as Fern√°ndez,0.99,https://en.onefootball.com/fc-cincinnati-target-matias-fernandez-ahead-of-inaugural-mls-campaign-play-maker/,/r/FCCincinnati/comments/a6vply/english_write_up_on_mat√≠as_fern√°ndez/
139,2017-09-28 13:26:24,t3_7301xr,37,37,t5_2rnmt,ACMilan,17245,Munich sack Ancelotti! Now what? Way back home?,0.86,https://en.onefootball.com/breaking-bayern-munich-sack-ancelotti/,/r/ACMilan/comments/7301xr/munich_sack_ancelotti_now_what_way_back_home/
140,2018-06-27 22:22:36,t3_8udyi6,47,30,t5_2qi58,soccer,1893815,Matthijs De Ligt 'rejects Spurs and Bar√ßa' to sign for Juventus,0.71,https://onefootball.com/en/news/matthijs-de-ligt-rejects-spurs-and-barca-to-sign-for-juventus-en-20452346?variable=20180628,/r/soccer/comments/8udyi6/matthijs_de_ligt_rejects_spurs_and_bar√ßa_to_sign/
141,2018-01-10 20:10:32,t3_7pibhj,5,32,t5_2qkr5,football,137821,Top 10 football commercials of all time,0.94,https://www.onefootball.com/en/news/ranking-the-top-10-football-commercials-of-all-time-en-18397981,/r/football/comments/7pibhj/top_10_football_commercials_of_all_time/
142,2020-02-01 16:29:26,t3_ex8kb1,5,31,t5_2qkr5,football,137821,Erling Haaland scores AGAIN for Dortmund,0.92,https://en.onefootball.com/%F0%9F%A4%AF-teenage-phenomenon-erling-haaland-scores-again-for-dortmund/,/r/football/comments/ex8kb1/erling_haaland_scores_again_for_dortmund/
143,2019-03-04 15:48:57,t3_ax8jmf,9,33,t5_2qi58,soccer,1893815,New San Siro expected by 2023,0.84,https://en.onefootball.com/milan-and-inter-have-made-an-important-decision-about-the-san-siro/,/r/soccer/comments/ax8jmf/new_san_siro_expected_by_2023/
144,2015-01-06 11:45:09,t3_2ri8o8,45,28,t5_2rxse,reddevils,223931,van Gaal: Rooney could be dropped for balance,0.77,http://app.onefootball.com/#!/news/+a3898573/246864272,/r/reddevils/comments/2ri8o8/van_gaal_rooney_could_be_dropped_for_balance/
145,2019-10-08 20:56:57,t3_df64of,11,31,t5_2w9yp,superlig,2353,Kylian Mbapp√© pulls out of the French national team squad for qualifiers due to injury,0.92,https://en.onefootball.com/%F0%9F%9A%A8-kylian-mbappe-leaves-france-camp-with-injury/,/r/superlig/comments/df64of/kylian_mbapp√©_pulls_out_of_the_french_national/
146,2020-01-19 01:25:43,t3_eqprix,13,26,t5_2uh0l,LigaMX,16900,AC Milan midfielder Lucas Biglia linked to Club Am√©rica switch,0.85,http://en.onefootball.com/ac-milan-midfielder-lucas-biglia-linked-to-club-america-switch/,/r/LigaMX/comments/eqprix/ac_milan_midfielder_lucas_biglia_linked_to_club/
147,2019-08-25 16:02:36,t3_cvaaev,7,28,t5_2s569,avfc,7281,Aston Villa win race for 'the next Virgil van Dijk' (Nigerian defender Iffy Udanoh),1.0,https://onefootball.com/en/news/aston-villa-win-race-for-the-next-virgil-van-dijk-en-26928711?variable=20190825,/r/avfc/comments/cvaaev/aston_villa_win_race_for_the_next_virgil_van_dijk/
148,2019-05-30 12:13:09,t3_busehw,2,27,t5_2qn0o,LiverpoolFC,234781,Klopp's Camp Nou debrief 'changed everything' for Liverpool - Robertson,0.82,https://onefootball.com/en/news/klopps-camp-nou-debrief-changed-everything-for-liverpool-robertson-en-25818940?variable=20190530&_branch_match_id=662615982489172074,/r/LiverpoolFC/comments/busehw/klopps_camp_nou_debrief_changed_everything_for/
149,2018-07-17 01:23:45,t3_8zguli,22,26,t5_2uh0l,LigaMX,16900,Decio de Mar√≠a steps down and Yon de Luisa is the new president,0.89,https://en.onefootball.com/mexico-football-federation-president-decio-de-maria-steps-down/,/r/LigaMX/comments/8zguli/decio_de_mar√≠a_steps_down_and_yon_de_luisa_is_the/
150,2018-07-05 09:41:38,t3_8w96e9,19,28,t5_2s14k,MCFC,65421,MCFC reportedly interested in French defender Benjamin Pavard,0.92,https://onefootball.com/en/news/real-madrid-bayern-munich-and-man-city-interested-in-france-defender-en-20534363?variable=20180705&utm_medium=onefootball&utm_source=Copy&_branch_match_id=543352783459543001,/r/MCFC/comments/8w96e9/mcfc_reportedly_interested_in_french_defender/
151,2019-06-06 22:49:56,t3_bxn5v0,12,27,t5_2tboa,SaintsFC,8262,Mohammed Elyounoussi will get second chance after Ralph Hasenh√ºttl talks,0.97,https://en.onefootball.com/southampton-flop-wants-second-chance-after-ralph-hasenhuttl-talks/,/r/SaintsFC/comments/bxn5v0/mohammed_elyounoussi_will_get_second_chance_after/
152,2019-02-14 16:14:10,t3_aqldmh,0,27,t5_2t9a7,Juve,26182,Zaniolo e il cuore bianconero svelato da Facebook | Let's make this kid's dream come true then,0.92,https://it.onefootball.com/zaniolo-e-il-cuore-bianconero-svelato-da-facebook/,/r/Juve/comments/aqldmh/zaniolo_e_il_cuore_bianconero_svelato_da_facebook/
153,2018-05-08 16:56:01,t3_8hy9yn,9,31,t5_2sgxj,fcbayern,28750,Robert Lewandowski has come under criticism from former Bayern Munich greats Paul Breitner and Sepp Maier.,0.79,https://onefootball.com/en/news/bayern-munich-legends-blast-robert-lewandowski-en-19954058?variable=20180508&_branch_match_id=522443570316181377,/r/fcbayern/comments/8hy9yn/robert_lewandowski_has_come_under_criticism_from/
154,2016-08-10 14:07:42,t3_4x2ac1,55,29,t5_2qi58,soccer,1893815,IN PICTURES: All the Premier League kits for the 2016/17 season,0.73,https://www.onefootball.com/magazine/english-premier-league-kits-for-season-201617/,/r/soccer/comments/4x2ac1/in_pictures_all_the_premier_league_kits_for_the/
155,2019-01-01 10:41:39,t3_abha0w,15,27,t5_2qi58,soccer,1893815,Ernesto Valverde 'under pressure' to decide Barcelona future,0.75,https://en.onefootball.com/ernesto-valverde-under-pressure-to-decide-barcelona-future,/r/soccer/comments/abha0w/ernesto_valverde_under_pressure_to_decide/
156,2019-11-08 14:46:18,t3_dtge0c,5,24,t5_2v6bc,atletico,9318,Saul and Morata get called up for Spain Squad,0.95,https://onefootball.com/en/news/dani-olmo-gets-first-senior-spain-call-morata-returns-rodri-selected-en-27935625?variable=20191108,/r/atletico/comments/dtge0c/saul_and_morata_get_called_up_for_spain_squad/
157,2018-09-10 20:02:10,t3_9eqjof,8,25,t5_2s0w5,footballmanagergames,132346,Vincent Kompany plays Football Manager!,0.82,https://www.onefootball.com/cms/en/21506666,/r/footballmanagergames/comments/9eqjof/vincent_kompany_plays_football_manager/
158,2016-09-19 10:48:36,t3_53gywp,22,25,t5_2rxse,reddevils,223931,Interesting read on Memphis. What do you guys think?,0.85,https://www.onefootball.com/magazine/what-is-going-wrong-for-depay-at-man-utd/?native=1,/r/reddevils/comments/53gywp/interesting_read_on_memphis_what_do_you_guys_think/
159,2020-01-20 08:25:16,t3_erahse,11,25,t5_2rnmt,ACMilan,17245,Report: Out-of-favour ‚Ç¨100m Milan trio trained in empty stadium after Udinese win,0.86,https://onefootball.com/en/news/report-out-of-favour-100m-milan-trio-trained-in-empty-stadium-after-udinese-win-en-28813171,/r/ACMilan/comments/erahse/report_outoffavour_100m_milan_trio_trained_in/
160,2018-12-27 22:50:16,t3_aa45u2,11,23,t5_2spkf,sscnapoli,5231,Two match stadium ban for Inter after racist chants aimed at KK,1.0,https://onefootball.com/en/news/inter-captain-icardi-condemns-racism-following-chants-allegedly-aimed-at-napolis-koulibaly-en-23427653?variable=20181227&utm_medium=onefootball&utm_source=Copy&_branch_match_id=603220295104951017,/r/sscnapoli/comments/aa45u2/two_match_stadium_ban_for_inter_after_racist/
161,2018-12-19 03:47:21,t3_a7iqr9,11,24,t5_2qi58,soccer,1893815,Former Argentina and Real Madrid player Fernando Gago considering retirement,0.75,https://en.onefootball.com/former-argentina-star-fernando-gago-considering-retirement/,/r/soccer/comments/a7iqr9/former_argentina_and_real_madrid_player_fernando/
162,2019-04-12 13:39:57,t3_bcdonr,3,24,t5_2w9yp,superlig,2353,"Fan who said ""even I could score that"" about Cengiz' goal - gets the chance to prove it!",0.97,https://onefootball.com/en/news/roma-exact-outstanding-revenge-on-fan-for-criticising-cengiz-uender-en-25142065?variable=20190412,/r/superlig/comments/bcdonr/fan_who_said_even_i_could_score_that_about_cengiz/
163,2019-12-05 11:44:28,t3_e6g2ty,6,20,t5_2v6bc,atletico,9318,Atl√©tico facing potential stadium ban after 'Griezmann die' chants,0.85,https://onefootball.com/en/news/atletico-facing-potential-stadium-ban-after-griezmann-die-chants-en-28262585?variable=20191205,/r/atletico/comments/e6g2ty/atl√©tico_facing_potential_stadium_ban_after/
164,2018-10-21 16:35:14,t3_9q4wmi,7,23,t5_2tbky,psg,12284,Rumors of Rabiot signing a new contract this week,0.97,https://en.onefootball.com/adrien-rabiot-contract-saga-takes-a-surprise-twist/,/r/psg/comments/9q4wmi/rumors_of_rabiot_signing_a_new_contract_this_week/
165,2018-06-09 14:09:24,t3_8pt0jd,35,21,t5_2qi58,soccer,1893815,J√©r√¥me Boateng 'seeks new challenge' away from Bayern Munich,0.7,https://en.onefootball.com/jerome-boateng-seeks-new-challenge-away-from-bayern-munich/,/r/soccer/comments/8pt0jd/j√©r√¥me_boateng_seeks_new_challenge_away_from/
166,2020-01-12 15:04:04,t3_enog66,1,22,t5_2s6wb,LaLiga,11635,Surgery to sideline Luis Su√°rez for the rest of the season,0.9,https://onefootball.com/cms/en/28721407?variable=2020-01-12T14%3A58%3A47Z&utm_medium=onefootball&utm_source=Copy&_branch_match_id=243396780244124146,/r/LaLiga/comments/enog66/surgery_to_sideline_luis_su√°rez_for_the_rest_of/
167,2019-08-29 15:43:50,t3_cx2mxl,5,21,t5_2ujqj,ClubAmerica,1261,üö®J√©r√©my M√©nez anuncia su salida del Am√©rica,0.96,https://onefootball.com/es/noticias/jeremy-menez-anuncia-su-salida-del-america-es-26985562,/r/ClubAmerica/comments/cx2mxl/j√©r√©my_m√©nez_anuncia_su_salida_del_am√©rica/
168,2019-08-23 00:42:05,t3_cu6ev6,5,21,t5_2v6bc,atletico,9318,Atl√©tico Madrid to battle Man City for V√©lez Sarsfield wonderkid,0.93,https://onefootball.com/en/news/atletico-madrid-to-battle-man-city-for-velez-sarsfield-wonderkid-en-26887631?variable=20190822,/r/atletico/comments/cu6ev6/atl√©tico_madrid_to_battle_man_city_for_v√©lez/
169,2019-05-20 16:18:29,t3_bqxmvs,35,22,t5_2qi58,soccer,1893815,Everton scout Porto's Brahimi,0.77,http://en.onefootball.com/everton-send-scouts-to-watch-sought-after-porto-winger/,/r/soccer/comments/bqxmvs/everton_scout_portos_brahimi/
170,2020-02-08 19:32:19,t3_f0wew5,6,19,t5_2qh9i,brasil,320149,"Estrelas, investimento e expectativa: come√ßa o Brasileir√£o Feminino. Com aumento do investimento, manuten√ß√£o de grandes estrelas e maior profissionaliza√ß√£o, a edi√ß√£o 2020 do campeonato come√ßa sob a expectativa de ser uma das melhores da hist√≥ria",0.81,https://br.onefootball.com/estrelas-investimento-e-expectativa-comeca-o-brasileirao-feminino/,/r/brasil/comments/f0wew5/estrelas_investimento_e_expectativa_come√ßa_o/
171,2019-03-29 08:06:00,t3_b6ujdu,21,22,t5_2vvzn,FCInterMilan,7812,Antoine Griezmann possible switch to Inter?,0.81,https://onefootball.com/en/news/diego-forlan-claims-inter-will-sign-griezmann-after-icardi-is-sold-en-24917916?variable=20190329,/r/FCInterMilan/comments/b6ujdu/antoine_griezmann_possible_switch_to_inter/
172,2019-12-06 09:17:50,t3_e6wg4l,44,19,t5_2qi58,soccer,1893815,Real Madrid president Florentino P√©rez is leading the charge for Europe‚Äôs biggest clubs to break away from their domestic competitions and form a radical new Super League.,0.64,https://onefootball.com/en/news/real-madrid-leading-talks-for-radical-new-european-super-league-en-28291712?variable=20191206&_branch_match_id=731426066999624244,/r/soccer/comments/e6wg4l/real_madrid_president_florentino_p√©rez_is_leading/
173,2019-05-25 12:13:28,t3_bsttp9,29,19,t5_2rr0e,realmadrid,60896,Arjen Robben blames Florentino Perez for Real Madrid exit,0.84,https://en.onefootball.com/arjen-robben-blames-florentino-perez-for-his-real-madrid-exit/,/r/realmadrid/comments/bsttp9/arjen_robben_blames_florentino_perez_for_real/
174,2019-04-04 14:22:20,t3_b9dc6g,4,18,t5_2qkhk,italy,184317,Italian footballer uses helicopter to fakw his own kidnapping,0.92,https://www.onefootball.com/cms/en/25022354?variable=2019-04-04T10:13:18Z,/r/italy/comments/b9dc6g/italian_footballer_uses_helicopter_to_fakw_his/
175,2017-03-24 20:16:37,t3_61bdeg,1,18,t5_2s14k,MCFC,65421,Yaya: Defending is annoying,0.89,https://www.onefootball.com/en/news/yaya-toure-defending-is-annoying-en-13426242?variable=2017-03-24T19:36:10Z,/r/MCFC/comments/61bdeg/yaya_defending_is_annoying/
176,2019-07-30 15:09:04,t3_cjt2md,15,17,t5_2snvr,FantasyPL,198080,Opta Stats algorithm predicts PL 19/20 season,0.88,https://www.onefootball.com/cms/en/26548558?variable=2019-07-30T10:34:11Z,/r/FantasyPL/comments/cjt2md/opta_stats_algorithm_predicts_pl_1920_season/
177,2018-05-29 18:05:22,t3_8n18h2,63,18,t5_2qhqt,Gunners,154844,"Apparently, Lucas Perez's future is still undecided. Would you have him back?",0.75,https://onefootball.com/en/news/agent-reveals-theres-been-no-decision-over-lucas-perezs-future-en-20178265?variable=20180529,/r/Gunners/comments/8n18h2/apparently_lucas_perezs_future_is_still_undecided/
178,2018-12-24 09:15:09,t3_a93iz1,7,18,t5_2s2lj,timbers,14443,Cristhian Parades back to Mexico?,1.0,https://en.onefootball.com/cristhian-paredes-set-for-america-return-from-mls/,/r/timbers/comments/a93iz1/cristhian_parades_back_to_mexico/
179,2020-01-22 17:46:54,t3_esffp2,2,15,t5_2qi58,soccer,1893815,Cruzeiro: Thiago Neves leaves by mutual agreement,0.73,https://br.onefootball.com/%E2%9A%A0%EF%B8%8F-thiago-neves-rescinde-com-o-cruzeiro/,/r/soccer/comments/esffp2/cruzeiro_thiago_neves_leaves_by_mutual_agreement/
180,2020-01-22 14:43:45,t3_escwp4,1,16,t5_2v6bc,atletico,9318,My son wants Atletico move - Cavani's mum,0.91,https://onefootball.com/en/news/my-son-wants-atletico-move-cavanis-mum-en-28843809?variable=20200122,/r/atletico/comments/escwp4/my_son_wants_atletico_move_cavanis_mum/
181,2018-03-14 19:33:14,t3_84g7uj,4,16,t5_2v51x,VfBStuttgart,1654,France defender Pavard desperate for World Cup call-up,0.94,https://www.onefootball.com/en/news/put-me-in-goal-france-defender-pavard-desperate-for-world-cup-call-up-en-19348350?variable=20180314&_branch_match_id=502551640065264358,/r/VfBStuttgart/comments/84g7uj/france_defender_pavard_desperate_for_world_cup/
182,2019-10-03 22:12:23,t3_dcy4ho,11,15,t5_2rr0e,realmadrid,60897,I don‚Äôt know how comments like this make me feel. Thoughts?,0.8,https://onefootball.com/en/news/achraf-hakimi-it-wouldnt-be-defeat-if-i-dont-return-to-real-madrid-en-27487477?variable=20191003,/r/realmadrid/comments/dcy4ho/i_dont_know_how_comments_like_this_make_me_feel/
183,2019-07-20 16:39:43,t3_cfntpc,5,15,t5_2tbky,psg,12284,Reports state PSG will finalise the signing of Gueye early next week following a ‚Ç¨35 million agreement,0.84,https://onefootball.com/en/news/paris-saint-germain-set-to-complete-idrissa-gueye-signing-en-26411220?variable=20190720&_branch_match_id=681165154869990744,/r/psg/comments/cfntpc/reports_state_psg_will_finalise_the_signing_of/
184,2019-09-09 23:53:52,t3_d1zeas,3,13,t5_2sf14,CanadaSoccer,2135,Stephen Eustaquio has returned to training!!!,0.95,Https://es.onefootball.com/stephen-eustaquio-volvio-a-los-entrenamientos/,/r/CanadaSoccer/comments/d1zeas/stephen_eustaquio_has_returned_to_training/
185,2019-07-21 10:36:26,t3_cfxow8,0,13,t5_2qi58,soccer,1893815,Algeria celebrate AFCON win in spectacular fashion,0.68,https://onefootball.com/en/news/algeria-celebrate-afcon-win-in-spectacular-fashion-en-26421539?variable=20190721&_branch_match_id=681433607042334065,/r/soccer/comments/cfxow8/algeria_celebrate_afcon_win_in_spectacular_fashion/
186,2019-06-08 06:16:42,t3_by4zx4,19,14,t5_2sba4,ScottishFootball,13465,Rangers Legend Recalls Time He Used Chocolate Bars As Shinguards,0.78,https://en.onefootball.com/rangers-legend-once-used-chocolate-bars-as-shinguards/,/r/ScottishFootball/comments/by4zx4/rangers_legend_recalls_time_he_used_chocolate/
187,2018-08-20 18:32:35,t3_98w5wx,10,16,t5_2v51x,VfBStuttgart,1654,"Stuttgart stay good for Pavard, says Reschke",0.95,https://onefootball.com/en/news/stuttgart-stay-good-for-pavard-says-reschke-en-21134817?variable=20180820&_branch_match_id=560156374673254301,/r/VfBStuttgart/comments/98w5wx/stuttgart_stay_good_for_pavard_says_reschke/
188,2019-07-10 00:31:07,t3_cb9ed6,28,15,t5_2rbnb,MLS,126928,They're starvation wages - Ex-USA coach and star hope World Cup triumph transforms domestic game,0.6,https://onefootball.com/en/news/theyre-starvation-wages-ex-usa-coach-and-star-hope-world-cup-triumph-transforms-domestic-game-en-26256694?variable=20190709,/r/MLS/comments/cb9ed6/theyre_starvation_wages_exusa_coach_and_star_hope/
189,2018-05-11 12:08:24,t3_8in7x5,10,13,t5_2sgxj,fcbayern,28750,Hitzfeld slams 'egotist' Lewandowski over Heynckes,0.66,https://onefootball.com/en/news/hitzfeld-slams-egotist-lewandowski-over-heynckes-disrespect-en-19985894?variable=20180511&_branch_match_id=425019806892511078,/r/fcbayern/comments/8in7x5/hitzfeld_slams_egotist_lewandowski_over_heynckes/
190,2017-07-07 11:14:04,t3_6lsz5c,7,11,t5_2rsl6,chelseafc,169634,Chelsea have a plan after missing out on Romelu Lukaku,0.69,https://en.onefootball.com/chelsea-have-a-plan-after-missing-out-on-romelu-lukaku/,/r/chelseafc/comments/6lsz5c/chelsea_have_a_plan_after_missing_out_on_romelu/
191,2016-02-13 18:12:18,t3_45lryi,25,12,t5_2qi58,soccer,1893816,Lucas Moura: I rejected Man Utd for PSG,0.59,https://www.onefootball.com/en-US/news/lucas-i-rejected-man-utd-for-psg-en-6491963?variable=2016-02-13T16:07:19Z,/r/soccer/comments/45lryi/lucas_moura_i_rejected_man_utd_for_psg/
192,2019-11-21 18:56:36,t3_dznyq4,5,12,t5_2vz5t,effzeh,1237,Heldt √∂ffnet Podolski die T√ºr,1.0,https://www.onefootball.com/cms/de/28098154?variable=2019-11-21T15:41:55Z,/r/effzeh/comments/dznyq4/heldt_√∂ffnet_podolski_die_t√ºr/
193,2019-07-12 01:34:42,t3_cc4edg,9,13,t5_2vvzn,FCInterMilan,7812,Inter to meet Dani Alves representatives and discuss player‚Äôs future,0.78,https://onefootball.com/en/news/inter-to-meet-dani-alves-representatives-discuss-full-backs-future-en-26296061?variable=20190712,/r/FCInterMilan/comments/cc4edg/inter_to_meet_dani_alves_representatives_and/
194,2019-04-18 20:51:20,t3_beqkl5,4,13,t5_351wl,brasilivre,51032,Quando as piadas de portugu√™s se tornam reais,0.93,https://de.onefootball.com/haha-benfica-fan-faehrt-ins-falsche-frankfurt/,/r/brasilivre/comments/beqkl5/quando_as_piadas_de_portugu√™s_se_tornam_reais/
195,2019-02-09 20:01:49,t3_aow17e,3,11,t5_2rza6,LAGalaxy,5319,Could this be true? GDS to Chivas?,0.93,https://en.onefootball.com/giovani-dos-santos-set-to-join-liga-mx-giants-after-contract-issues/,/r/LAGalaxy/comments/aow17e/could_this_be_true_gds_to_chivas/
196,2019-01-20 19:48:29,t3_ai1ibv,7,11,t5_2s6wb,LaLiga,11635,Joachim L√∂w tipped to take over as Real Madrid boss in the summer,0.93,https://en.onefootball.com/joachim-low-tipped-to-take-over-as-real-madrid-boss-in-the-summer/,/r/LaLiga/comments/ai1ibv/joachim_l√∂w_tipped_to_take_over_as_real_madrid/
197,2017-12-26 20:51:25,t3_7ma8s0,11,12,t5_2t9a7,Juve,26182,Arsenal have ‚Ç¨40m Juventus approach turned down,1.0,https://www.onefootball.com/en/news/arsenal-have-40m-juventus-approach-turned-down-en-18201380?variable=20171226,/r/Juve/comments/7ma8s0/arsenal_have_40m_juventus_approach_turned_down/
198,2020-02-26 18:52:12,t3_f9y2m2,5,13,t5_2wp3g,palmeiras,1156,"Diogo Barbosa: Botafogo descarta, Cruzeiro tem interesse",0.94,https://br.onefootball.com/diogo-barbosa-botafogo-descarta-cruzeiro-tem-interesse/,/r/palmeiras/comments/f9y2m2/diogo_barbosa_botafogo_descarta_cruzeiro_tem/
199,2018-06-23 17:44:35,t3_8tbli5,9,13,t5_2qi58,soccer,1893815,Diego Costa antics vs Iran,0.65,https://en.onefootball.com/iran-defender-reveals-all-of-diego-costas-dirty-tricks/,/r/soccer/comments/8tbli5/diego_costa_antics_vs_iran/
200,2018-01-31 19:53:30,t3_7ucowv,12,12,t5_2t9a7,Juve,26182,Costa and Bernardeschi with possible injuries,0.92,https://www.onefootball.com/en/news/juventus-wing-woes-mount-with-costa-bernardeschi-injuries-en-18779677?variable=20180131,/r/Juve/comments/7ucowv/costa_and_bernardeschi_with_possible_injuries/
201,2015-07-21 17:08:59,t3_3e3bcc,2,10,t5_2tboa,SaintsFC,8262,"I wrote a piece about SFC's business savvy, and I'd love to hear what you all think",1.0,http://www.onefootball.com/magazine/the-saints-go-marching-on-southampton-2015-2016/,/r/SaintsFC/comments/3e3bcc/i_wrote_a_piece_about_sfcs_business_savvy_and_id/
202,2019-05-09 08:25:21,t3_bmh4un,21,12,t5_2qpfg,Everton,20371,Yerry Mina could face ‚Äòlifetime ban‚Äô from England over betting advert,0.64,https://en.onefootball.com/yerry-mina-could-face-lifetime-ban-from-england-over-betting-advert/,/r/Everton/comments/bmh4un/yerry_mina_could_face_lifetime_ban_from_england/
203,2019-04-30 22:36:34,t3_bj9qhr,8,10,t5_2vz5t,effzeh,1237,Hecking might be the new coach,0.92,https://onefootball.com/de/news/uebernimmt-hecking-in-koeln-de-25417138?variable=20190501,/r/effzeh/comments/bj9qhr/hecking_might_be_the_new_coach/
204,2019-02-07 18:35:14,t3_ao6vip,31,12,t5_2uh0l,LigaMX,16900,"Biggest flops so far, can they turn things around?",0.69,https://en.onefootball.com/the-biggest-flops-of-the-2019-liga-mx-clausura/,/r/LigaMX/comments/ao6vip/biggest_flops_so_far_can_they_turn_things_around/
205,2018-07-30 18:34:37,t3_936oel,0,10,t5_2zuzn,fohlenelf,879,"Ginter: ""There were offers, I can confirm that much. But I did not think about a transfer, nor did I negotiate with any club.""",0.92,https://de.onefootball.com/ginter-verraet-es-waren-anfragen-da/,/r/fohlenelf/comments/936oel/ginter_there_were_offers_i_can_confirm_that_much/
206,2018-05-17 12:23:03,t3_8k3tvg,24,8,t5_2sgxj,fcbayern,28750,Robert Lewandowski‚Äôs agent has hit back at recent criticism of the striker.,0.69,https://onefootball.com/en/news/agent-slams-treatment-of-robert-lewandowski-en-20052634?variable=20180517&_branch_match_id=522443570316181377,/r/fcbayern/comments/8k3tvg/robert_lewandowskis_agent_has_hit_back_at_recent/
207,2017-09-27 23:10:39,t3_72w3sb,3,11,t5_2sgxj,fcbayern,28750,"Excellent, holistic summary of the game.",0.73,https://bayerncentral.onefootball.com/2017/09/psg-0-3-championsleague-group2-thoughts/,/r/fcbayern/comments/72w3sb/excellent_holistic_summary_of_the_game/
208,2016-02-06 16:59:29,t3_44gzt2,6,9,t5_2ryq7,coys,66847,Tottenham vs Watford stats,0.92,https://www.onefootball.com/en-US/match/tottenham-vs-watford-statistics-9-432940?period=FullTime&variable=g1,/r/coys/comments/44gzt2/tottenham_vs_watford_stats/
209,2019-06-15 07:15:49,t3_c0up2g,7,9,t5_2vxb1,DerbyCounty,1963,Looks like we've lost him üò™,0.86,https://onefootball.com/en/news/chelsea-ready-to-pay-4m-compensation-for-frank-lampard-en-25995619,/r/DerbyCounty/comments/c0up2g/looks_like_weve_lost_him/
210,2018-02-05 17:16:39,t3_7vg8vq,10,10,t5_2tboa,SaintsFC,8262,Ranking of premier league clubs transfers in the January window,0.86,https://www.onefootball.com/en/news/transfer-window-every-premier-league-club-ranked-en-18884754?variable=20180205&utm_medium=onefootball&utm_source=Copy&_branch_match_id=489108841899260441,/r/SaintsFC/comments/7vg8vq/ranking_of_premier_league_clubs_transfers_in_the/
211,2015-07-09 18:21:17,t3_3cpd26,0,9,t5_2s561,Barca,68311,Messi vs. Maradona: Head-to-Head,0.85,http://www.onefootball.com/magazine/messi-vs-maradona-head-to-head/,/r/Barca/comments/3cpd26/messi_vs_maradona_headtohead/
212,2020-01-24 16:45:36,t3_etcwlu,5,9,t5_2scup,PremierLeague,140397,Premier League clubs plan another change to transfer window deadline,0.84,https://onefootball.com/en/news/premier-league-clubs-plan-another-change-to-transfer-window-deadline-en-28868310?variable=2020-01-24T10:15:37Z&utm_medium=onefootball&utm_source=Copy&_branch_match_id=243396780244124146,/r/PremierLeague/comments/etcwlu/premier_league_clubs_plan_another_change_to/
213,2018-03-01 17:24:27,t3_816y9p,3,6,t5_2z166,ANormalDayInRussia,860465,"Russia to allow cocaine, cannabis and heroin at World Cup",0.79,https://www.onefootball.com/en/news/russia-to-allow-cocaine-cannabis-and-heroin-at-world-cup-en-19214770?variable=20180301&_branch_match_id=497803652125425218,/r/ANormalDayInRussia/comments/816y9p/russia_to_allow_cocaine_cannabis_and_heroin_at/
214,2019-11-01 17:26:49,t3_dq7efq,16,6,t5_2qi58,soccer,1893815,Could Rakitiƒá be Set to Join Atletico Madrid?,0.63,https://onefootball.com/en/news/ivan-rakitic-could-be-joining-barcelonas-laliga-rivals-in-january-en-27853814?variable=20191101&utm_medium=onefootball&utm_source=Copy&_branch_match_id=718864834783225256,/r/soccer/comments/dq7efq/could_rakitiƒá_be_set_to_join_atletico_madrid/
215,2019-10-26 14:58:53,t3_dnexji,2,9,t5_2v6bc,atletico,9318,"Atleti interested in Tonali, says Brescia owner Cellino",0.91,https://onefootball.com/en/news/man-city-psg-and-atleti-interested-in-tonali-says-brescia-owner-cellino-en-27784380?variable=20191026,/r/atletico/comments/dnexji/atleti_interested_in_tonali_says_brescia_owner/
216,2018-05-30 11:26:42,t3_8n7spd,8,8,t5_2t2g0,schalke04,3564,Leaked Home Trikot for 18/19,0.77,https://onefootball.com/de/news/geleaked-so-sieht-das-neue-schalke-trikot-aus-de-20185296?variable=20180530&utm_medium=onefootball&utm_source=Copy&_branch_match_id=530324140709767845,/r/schalke04/comments/8n7spd/leaked_home_trikot_for_1819/
217,2016-12-23 10:58:23,t3_5jwkfo,0,9,t5_2qkr5,football,137821,Five trophies and record runs - Diego Simeone's five years at Atletico Madrid,1.0,https://www.onefootball.com/en-US/news/five-trophies-and-record-runs-simeones-five-years-at-atletico-madrid-en-11876430,/r/football/comments/5jwkfo/five_trophies_and_record_runs_diego_simeones_five/
218,2016-06-06 08:03:07,t3_4mrw7s,0,7,t5_2qkr5,football,137821,Euro 2016: Five things England need to change in order to succeed,0.73,https://www.onefootball.com/magazine/euro-2016-five-things-england-need-to-change-to-succeed/,/r/football/comments/4mrw7s/euro_2016_five_things_england_need_to_change_in/
219,2015-08-23 23:07:47,t3_3i4tdh,1,7,t5_2ski0,safc,2724,Dick ready to walk?,0.89,"http://get.onefootball.com/
http://www.theguardian.com/football/2015/aug/23/dick-advocaat-sunderland-new-players-relegation-swansea",/r/safc/comments/3i4tdh/dick_ready_to_walk/
220,2020-02-08 19:27:50,t3_f0wck5,0,5,t5_2sr4p,WomensSoccer,12627,"Stars, investment and expectations: the Brasileir√£o Feminino begins",0.86,https://br.onefootball.com/estrelas-investimento-e-expectativa-comeca-o-brasileirao-feminino/,/r/WomensSoccer/comments/f0wck5/stars_investment_and_expectations_the_brasileir√£o/
221,2019-12-06 09:19:30,t3_e6wgnq,12,7,t5_2rr0e,realmadrid,60896,Real Madrid president Florentino P√©rez is leading the charge for Europe‚Äôs biggest clubs to break away from their domestic competitions and form a radical new Super League.,0.6,https://onefootball.com/en/news/real-madrid-leading-talks-for-radical-new-european-super-league-en-28291712?variable=20191206&_branch_match_id=731426066999624244,/r/realmadrid/comments/e6wgnq/real_madrid_president_florentino_p√©rez_is_leading/
222,2019-06-09 18:14:35,t3_byn6mf,5,8,t5_2v6bc,atletico,9318,Griezmann ‚Äòlooks set‚Äô to join Paris Saint-Germain,0.65,https://en.onefootball.com/antoine-griezmann-looks-set-to-join-paris-saint-germain/,/r/atletico/comments/byn6mf/griezmann_looks_set_to_join_paris_saintgermain/
223,2019-01-18 08:37:44,t3_ah8hm5,4,6,t5_2qi58,soccer,1893815,Lyon 1950 (OL ultra group) won't go to the pre-derby training session to protest the team's performances,0.68,https://fr.onefootball.com/le-communique-tres-critique-dun-groupe-de-supporters-de-lol/,/r/soccer/comments/ah8hm5/lyon_1950_ol_ultra_group_wont_go_to_the_prederby/
224,2016-07-25 20:31:30,t3_4ukr65,0,7,t5_2tftg,rbny,3604,"One football magazine reviews the ""New York Derby"".",0.89,https://www.onefootball.com/magazine/new-york-derby-three-takeaways-new-york-red-bulls-dominate-new-york-city-fc/?native=1,/r/rbny/comments/4ukr65/one_football_magazine_reviews_the_new_york_derby/
225,2015-08-29 01:19:50,t3_3isq25,4,6,t5_2s14k,MCFC,65421,Otamendi work permit issue,0.76,http://app.onefootball.com/#!/cms/en/1904454?variable=2015-08-28T23:04:31Z,/r/MCFC/comments/3isq25/otamendi_work_permit_issue/
226,2015-04-12 23:16:53,t3_32drba,0,7,t5_2u29i,OCLions,5600,04/12 Portland V OCSC full match stats,1.0,http://app.onefootball.com/#!/match/15/1142/419189/stats,/r/OCLions/comments/32drba/0412_portland_v_ocsc_full_match_stats/
227,2015-03-09 16:30:43,t3_2yge5p,4,7,t5_2u29i,OCLions,5600,03/08 OCSC V NYFC full match stats,0.75,http://app.onefootball.com/#!/match/15/1142/418484/stats,/r/OCLions/comments/2yge5p/0308_ocsc_v_nyfc_full_match_stats/
228,2020-01-28 02:07:18,t3_euyrt3,6,5,t5_2ve4t,BocaJuniors,1987,Roger Mart√≠nez's agents in Argentina to seal Boca Juniors move,1.0,https://en.onefootball.com/roger-martinezs-agents-in-argentina-to-seal-boca-juniors-move/,/r/BocaJuniors/comments/euyrt3/roger_mart√≠nezs_agents_in_argentina_to_seal_boca/
229,2018-06-30 10:14:45,t3_8v0xp9,0,7,t5_2rdrs,worldcup,245466,"Spurs pair ready to do battle - England v Colombia, Kane v Sanchez. Story with a great video from Tottenham Hotspur",0.81,https://onefootball.com/en/news/spurs-pair-ready-for-world-cup-battle-en-20488338?variable=20180630,/r/worldcup/comments/8v0xp9/spurs_pair_ready_to_do_battle_england_v_colombia/
230,2019-12-10 16:15:14,t3_e8snnc,0,4,t5_2w5l8,FCEdmonton,399,"Jeff Paulus: ‚ÄúThe World Cup in the [United] States [in 1994] was what drove MLS, and you look at how the game took off from it. It will have the same impact here when we host in 2026.‚Äù",1.0,https://onefootball.com/en/news/fc-edmontons-jeff-paulus-the-canadian-premier-league-will-be-front-page-news-en-28319641?variable=2019-12-07T20:40:07Z,/r/FCEdmonton/comments/e8snnc/jeff_paulus_the_world_cup_in_the_united_states_in/
231,2018-08-31 02:04:01,t3_9bpmxb,0,4,t5_2ve4t,BocaJuniors,1987,Libertad 2-4 Boca Juniors: Boca survive early scare to advance,1.0,https://en.onefootball.com/libertad-2-4-boca-juniors-boca-survive-early-scare-to-advance/,/r/BocaJuniors/comments/9bpmxb/libertad_24_boca_juniors_boca_survive_early_scare/
232,2016-04-22 18:47:12,t3_4fzvtx,0,4,t5_2qkr5,football,137821,Riyad Mahrez on spotlight on preview: Leicester v Swansea,0.77,https://www.onefootball.com/en-US/news/preview-leicester-v-swansea-en-8076231?variable=2016-04-22T17:07:20Z,/r/football/comments/4fzvtx/riyad_mahrez_on_spotlight_on_preview_leicester_v/
233,2015-12-22 19:05:13,t3_3xv88h,1,3,t5_2ss18,fcsp,881,Budimir √ºber St. Pauli nach Arsenal?,0.81,https://www.onefootball.com/cms/de/5069649?variable=2015-12-22T18:50:32Z,/r/fcsp/comments/3xv88h/budimir_√ºber_st_pauli_nach_arsenal/
234,2015-07-21 15:34:18,t3_3e2xty,27,5,t5_2qi58,soccer,1893816,"Why Southampton FC is a collection of business geniuses, from a diehard supporter",0.59,http://www.onefootball.com/magazine/the-saints-go-marching-on-southampton-2015-2016/,/r/soccer/comments/3e2xty/why_southampton_fc_is_a_collection_of_business/
235,2015-03-27 20:23:23,t3_30j3a9,2,4,t5_2qkr5,football,137821,Akinfeev struck by flare,0.83,http://app.onefootball.com/#!/cms/en/144441?variable=2015-03-27T20:18:51Z,/r/football/comments/30j3a9/akinfeev_struck_by_flare/
236,2020-01-21 13:04:22,t3_eruefw,3,3,t5_2qhv3,championsleague,14957,Are we about to see the Champions League in the USA?,0.71,https://onefootball.com/cms/en/28829506?variable=2020-01-21T08%3A45%3A11Z&utm_medium=onefootball&utm_source=Copy&_branch_match_id=243396780244124146,/r/championsleague/comments/eruefw/are_we_about_to_see_the_champions_league_in_the/
237,2018-07-09 09:47:52,t3_8xa3su,1,3,t5_2tndt,fussball,811,Nach Jubel-Skandal gegen Schweden: Neue Vorw√ºrfe gegen DFB-Funktion√§r,1.0,https://onefootball.com/de/news/nach-jubel-skandal-gegen-schweden-neue-vorwuerfe-gegen-dfb-funktionaer-de-20572345,/r/fussball/comments/8xa3su/nach_jubelskandal_gegen_schweden_neue_vorw√ºrfe/
238,2015-09-12 15:57:55,t3_3kob3y,0,3,t5_2ss18,fcsp,881,Rettig warnt vor Kompetenz-Ausverkauf,1.0,http://app.onefootball.com/#!/de/news/rettig-warnt-vor-kompetenz-ausverkauf-de-2228676?variable=2015-09-12T11:09:26Z,/r/fcsp/comments/3kob3y/rettig_warnt_vor_kompetenzausverkauf/
239,2015-06-24 09:06:21,t3_3axmb4,8,3,t5_2v6bc,atletico,9318,Arda wants out,0.75,http://app.onefootball.com/#!/news/+a3898573/130332318,/r/atletico/comments/3axmb4/arda_wants_out/
240,2015-04-04 03:12:51,t3_31dunl,0,3,t5_2u29i,OCLions,5600,04/03 OCSC V D.C. United full match stats,0.81,http://app.onefootball.com/#!/match/15/1142/419174/stats,/r/OCLions/comments/31dunl/0403_ocsc_v_dc_united_full_match_stats/
241,2015-04-01 05:36:29,t3_310u1b,1,3,t5_2tlpk,IndianFootball,6271,Mohammed Salim ‚Äì Rediscovering Indian Football's Lost Treasure (OneFootball),1.0,http://www.onefootball.com/magazine/mohammed-salim-rediscovering-indian-footballs-lost-treasure/,/r/IndianFootball/comments/310u1b/mohammed_salim_rediscovering_indian_footballs/
242,2015-03-29 02:54:55,t3_30nyhk,0,3,t5_2u29i,OCLions,5600,03/28 Montreal Impact V OCSC full match stats,0.81,http://app.onefootball.com/#!/match/15/1142/418495/stats,/r/OCLions/comments/30nyhk/0328_montreal_impact_v_ocsc_full_match_stats/
243,2015-03-14 01:09:16,t3_2yz2ti,2,3,t5_2u29i,OCLions,5600,03/13 Huston Dynamo V OCSC full match stats,0.81,http://app.onefootball.com/#!/match/15/1142/419157/stats,/r/OCLions/comments/2yz2ti/0313_huston_dynamo_v_ocsc_full_match_stats/
244,2020-01-22 13:55:25,t3_esc8f7,6,2,t5_3hvpa,italy_SS,1486,"Chl, arriva il s√¨ di 5 anni per il tifone Phanfone [Foto]",1.0,https://onefootball.com/en/news/why-always-him-this-mario-balotelli-stat-will-blow-you-away-en-28635282?,/r/italy_SS/comments/esc8f7/chl_arriva_il_s√¨_di_5_anni_per_il_tifone_phanfone/
245,2019-09-25 13:44:30,t3_d93hlg,2,2,t5_2qkr5,football,137821,Italian Olympics chief claims diving 'more wrong' than racism,0.63,https://onefootball.com/en/news/italian-olympics-chief-claims-diving-more-wrong-than-racism-en-27361600?variable=20190925,/r/football/comments/d93hlg/italian_olympics_chief_claims_diving_more_wrong/
246,2017-07-19 10:38:31,t3_6o7n60,3,1,t5_2sgxj,fcbayern,28750,The Bundesliga needs someone to step up and knock Bayern off of the top,0.6,https://bayerncentral.onefootball.com/2017/07/the-bundesliga-bayern-competition/,/r/fcbayern/comments/6o7n60/the_bundesliga_needs_someone_to_step_up_and_knock/
247,2015-05-29 09:37:58,t3_37paln,0,2,t5_2rxse,reddevils,223932,One Football Season Review - some interesting season stats,0.63,http://app.onefootball.com/#!/season-review/9/21,/r/reddevils/comments/37paln/one_football_season_review_some_interesting/
248,2015-03-22 12:42:00,t3_2zwdfr,0,2,t5_2u29i,OCLions,5600,03/21 OCSC V Vancouver full match stats,0.76,http://app.onefootball.com/#!/match/15/1142/419162/stats,/r/OCLions/comments/2zwdfr/0321_ocsc_v_vancouver_full_match_stats/
249,2019-09-13 10:37:56,t3_d3nc4n,36,1,t5_2qi58,soccer,1893816,West Ham beat Bayern M√ºnchen this summer in signing Sebastien Haller,0.52,https://en.onefootball.com/west-ham-beat-this-european-giant-to-sebastien-hallers-signing/,/r/soccer/comments/d3nc4n/west_ham_beat_bayern_m√ºnchen_this_summer_in/
250,2018-08-02 08:12:46,t3_93xfay,0,1,t5_ehkfo,u_vilnius2013,0,Week 22 MLS Power Rankings: Seattle Sounders soar into our top 10,1.0,https://en.onefootball.com/week-22-mls-power-rankings-seattle-sounders-soar-into-our-top-10/,/r/u_vilnius2013/comments/93xfay/week_22_mls_power_rankings_seattle_sounders_soar/
251,2018-05-25 13:54:39,t3_8m1x9n,4,1,t5_2rr0e,realmadrid,60896,Do you agree with Ronaldo that Salah is like Messi and Do you agree with his 3-2 score prediction?,0.56,https://onefootball.com/en/news/incredible-salah-is-like-messi-says-ronaldo-en-20134854?variable=20180525&utm_medium=onefootball&utm_source=Copy&_branch_match_id=528558715829652399,/r/realmadrid/comments/8m1x9n/do_you_agree_with_ronaldo_that_salah_is_like/
252,2018-01-26 21:17:49,t3_7t7r96,0,1,t5_4bz5a,u_Graemethagingying,0,Simeone slapped with three match ban,1.0,https://www.onefootball.com/en/news/simeone-slapped-with-three-match-copa-ban-en-18676267?variable=20180126,/r/u_Graemethagingying/comments/7t7r96/simeone_slapped_with_three_match_ban/
253,2018-01-11 08:19:25,t3_7pmpk5,0,1,t5_4bz5a,u_Graemethagingying,0,Naby Keitia cpuld join Liverpool this month after all,1.0,https://www.onefootball.com/en/news/naby-keita-could-join-liverpool-this-month-after-all-en-18409453?variable=20180111,/r/u_Graemethagingying/comments/7pmpk5/naby_keitia_cpuld_join_liverpool_this_month_after/
254,2016-06-19 18:11:39,t3_4ouewj,0,1,t5_2ziac,msicc,1,Italia: Conte cambia tutto (per non cambiare niente) #ITAIRL #EURO2016,1.0,https://www.onefootball.com/magazine/italia-cambia-la-forma-ma-non-la-sostanza/,/r/msicc/comments/4ouewj/italia_conte_cambia_tutto_per_non_cambiare_niente/
255,2016-06-03 10:14:44,t3_4mc8ap,0,1,t5_2ziac,msicc,1,Ma... Italia: i 5 punti sugli Azzurri via @Onefootball. Leggilo qui:,1.0,https://www.onefootball.com/magazine/italia-i-5-punti-sugli-azzurri/,/r/msicc/comments/4mc8ap/ma_italia_i_5_punti_sugli_azzurri_via_onefootball/
256,2016-03-23 19:29:05,t3_4bo1i1,0,1,t5_2ss18,fcsp,881,Hannover 96 vs. FC St. Pauli - Club Freundschaftsspiel,1.0,https://www.onefootball.com/de/spiel/hannover-96-vs-fc-st-pauli-ubersicht-140-478321?locale=de_DE&utcOffset=%2B0100&period=PreMatch&variable=518&action=sharePrediction&vote=away&favoriteTeamId=152&_branch_match_id=241269185435915563&g=-2,/r/fcsp/comments/4bo1i1/hannover_96_vs_fc_st_pauli_club_freundschaftsspiel/
257,2016-01-01 15:04:47,t3_3z0to2,0,1,t5_2ziac,msicc,1,"Nainggolan: ""2016, Roma vinci qualcosa"" via @Onefootball. Leggilo qui:",1.0,https://www.onefootball.com/cms/it/5249720?variable=2016-01-01T10:12:28Z,/r/msicc/comments/3z0to2/nainggolan_2016_roma_vinci_qualcosa_via/
258,2015-03-30 21:08:04,t3_30umgx,0,1,t5_2qj20,lithuania,33698,Lithuanian photographer Kriste Lynx interview: Onefootball Magazine,0.6,http://www.onefootball.com/magazine/photographers-in-focus-kriste-lynx/,/r/lithuania/comments/30umgx/lithuanian_photographer_kriste_lynx_interview/
259,2018-06-03 11:49:10,t3_8o818h,12,0,t5_2qi58,soccer,1893818,"M√ºller: ""Another task would certainly be interesting and attractive.""",0.48,https://onefootball.com/en/news/muller-could-be-tempted-to-leave-bayern-en-20222478?variable=20180603&_branch_match_id=531787756173872885,/r/soccer/comments/8o818h/m√ºller_another_task_would_certainly_be/
260,2017-02-06 04:22:48,t3_5sc4r1,0,0,t5_2s6zb,Calcio,2621,"Man from the future places ‚Ç¨100,000 bet on Juventus v Inter x-post /r/soccer",0.5,https://www.onefootball.com/magazine/man-future-places-e100000-bet-juventus-v-inter/?native=1&_branch_match_id=318476277375896591,/r/Calcio/comments/5sc4r1/man_from_the_future_places_100000_bet_on_juventus/
261,2015-03-01 12:06:30,t3_2xjzs5,2,0,t5_2qhqt,Gunners,154844,[German] Article about Arsenals midfield from today,0.5,http://app.onefootball.com/#!/news/+a3898573/128359039,/r/Gunners/comments/2xjzs5/german_article_about_arsenals_midfield_from_today/
262,2020-01-21 13:03:51,t3_erue57,7,0,t5_2qkr5,football,137821,Are we about to see the Champions League in the USA?,0.45,https://onefootball.com/cms/en/28829506?variable=2020-01-21T08%3A45%3A11Z&utm_medium=onefootball&utm_source=Copy&_branch_match_id=243396780244124146,/r/football/comments/erue57/are_we_about_to_see_the_champions_league_in_the/
263,2014-11-05 18:31:08,t3_2le1kh,3,0,t5_2rsl6,chelseafc,169634,Mourinho is building a Chelsea dynasty - now its time for the 'golden' youngsters. Good article to read before the match about our youth players.,0.45,http://www.onefootball.com/cards/news/+a3898573/118664432,/r/chelseafc/comments/2le1kh/mourinho_is_building_a_chelsea_dynasty_now_its/
264,2019-10-30 15:58:13,t3_dp8p8x,4,0,t5_2sgxj,fcbayern,28751,Bayerns biggest problem is currently standing next to the pitch,0.47,https://onefootball.com/de/news/kommentar-bayerns-groesstes-problem-steht-derzeit-neben-dem-platz-de-27829684?variable=20191030,/r/fcbayern/comments/dp8p8x/bayerns_biggest_problem_is_currently_standing/
265,2019-05-12 08:18:00,t3_bnmrbn,6,0,t5_2qi58,soccer,1893816,üé• Allegri goes on amusing rant amid exit rumours,0.38,https://en.onefootball.com/%F0%9F%8E%A5-allegri-goes-on-amusing-rant-amid-exit-rumours/,/r/soccer/comments/bnmrbn/allegri_goes_on_amusing_rant_amid_exit_rumours/
266,2019-03-29 09:06:21,t3_b6uxyc,14,0,t5_2snki,CelticFC,11204,Neil Lennon to become permanent boss with Rangers win - Scott Brown,0.33,https://onefootball.com/en/news/neil-lennon-to-become-permanent-boss-with-rangers-win-scott-brown-en-24917593?variable=20190329,/r/CelticFC/comments/b6uxyc/neil_lennon_to_become_permanent_boss_with_rangers/
267,2018-08-23 16:26:02,t3_99ottt,11,0,t5_2qi58,soccer,1893816,"A Frenchman, Neal Maupay is the best player of the Championship so far",0.44,https://fr.onefootball.com/un-francais-est-le-meilleur-joueur-actuel-de-championship/,/r/soccer/comments/99ottt/a_frenchman_neal_maupay_is_the_best_player_of_the/
268,2018-06-12 00:08:56,t3_8qedve,4,0,t5_2qhv7,mexico,202268,FeCal estalla contra el Tri,0.38,https://es.onefootball.com/felipe-calderon-estalla-contra-el-tri/,/r/mexico/comments/8qedve/fecal_estalla_contra_el_tri/
269,2015-06-14 15:07:35,t3_39t6b9,0,0,t5_2qmt2,translation,6325,Help us improve Onefootball in your language ‚Äî Translation Program,0.0,http://www.onefootball.com/magazine/translation-program/,/r/translation/comments/39t6b9/help_us_improve_onefootball_in_your_language/
270,2019-04-17 23:47:11,t3_beerpd,25,0,t5_2qi58,soccer,1893818,Never good to celebrate like Coutinho did - Rivaldo,0.47,https://onefootball.com/en/news/never-good-to-celebrate-like-coutinho-did-rivaldo-en-25224600?variable=20190417&utm_medium=onefootball&utm_source=Copy&_branch_match_id=647207953070399574,/r/soccer/comments/beerpd/never_good_to_celebrate_like_coutinho_did_rivaldo/
271,2018-12-02 14:10:25,t3_a2dhaz,2,0,t5_2qh9i,brasil,320149,Qual o time dos candidatos √† presid√™ncia? E dos anteriores?,0.33,https://br.onefootball.com/qual-o-time-dos-candidatos-a-presidencia-e-dos-anteriores/,/r/brasil/comments/a2dhaz/qual_o_time_dos_candidatos_√†_presid√™ncia_e_dos/
272,2018-09-21 11:14:30,t3_9hoo0x,24,0,t5_2qi58,soccer,1893818,Barcelona are ‚Äòbig fans‚Äô of playing La Liga games in the US,0.47,https://onefootball.com/en/news/barcelona-are-big-fans-of-playing-la-liga-games-in-the-us-en-21692390?variable=20180921,/r/soccer/comments/9hoo0x/barcelona_are_big_fans_of_playing_la_liga_games/
273,2015-01-25 11:22:22,t3_2tlu76,12,0,t5_2qhqt,Gunners,154844,This left me scratching my head about Paulista...,0.2,http://app.onefootball.com/#!/news/+a3898573/164634316,/r/Gunners/comments/2tlu76/this_left_me_scratching_my_head_about_paulista/
274,2019-12-09 15:50:33,t3_e8bnfu,8,0,t5_2t9a7,Juve,26182,Cristiano Ronaldo 'regrets' leaving Real Madrid for Juventus,0.28,https://onefootball.com/en/news/cristiano-ronaldo-regrets-leaving-real-madrid-for-juventus-en-28341007?variable=20191209,/r/Juve/comments/e8bnfu/cristiano_ronaldo_regrets_leaving_real_madrid_for/
275,2019-01-14 05:26:51,t3_afsk1o,0,0,t5_2qlht,argentina,143712,‚ö°Ô∏èüé• El resbal√≥n de Sampaoli en Brasil,0.21,https://es.onefootball.com/%E2%9A%A1%EF%B8%8F%F0%9F%8E%A5-el-resbalon-de-sampaoli-en-brasil/,/r/argentina/comments/afsk1o/el_resbal√≥n_de_sampaoli_en_brasil/
276,2018-08-23 11:08:07,t3_99mgcr,46,0,t5_2qi58,soccer,1893816,Mohamed Salah and Harry Kane both rejected Real Madrid this summer,0.44,https://onefootball.com/en/news/mohamed-salah-and-harry-kane-both-rejected-real-madrid-this-summer-en-21214305?variable=20180823,/r/soccer/comments/99mgcr/mohamed_salah_and_harry_kane_both_rejected_real/
277,2020-02-14 00:54:15,t3_f3k5ma,21,0,t5_2qi58,soccer,1893818,Malcom: Lionel Messi's quality is covering up issues at Barcelona,0.43,https://en.onefootball.com/malcom-lionel-messis-quality-is-covering-up-issues-at-barcelona/,/r/soccer/comments/f3k5ma/malcom_lionel_messis_quality_is_covering_up/
278,2018-10-01 16:21:19,t3_9khsbd,20,0,t5_2rnmt,ACMilan,17245,NO FREAKING WAY,0.26,https://onefootball.com/en/news/cristiano-ronaldo-rejected-three-top-european-clubs-this-summer-en-21891228?variable=20181001,/r/ACMilan/comments/9khsbd/no_freaking_way/
279,2019-10-12 20:33:07,t3_dh0hov,44,0,t5_2qn0o,LiverpoolFC,234781,Liverpool and Manchester United in pursuit of Thomas M√ºller,0.38,https://onefootball.com/en/news/manchester-united-to-battle-liverpool-for-thomas-muller-in-janauary-report-en-27610059?variable=20191012,/r/LiverpoolFC/comments/dh0hov/liverpool_and_manchester_united_in_pursuit_of/
280,2019-04-21 07:33:38,t3_bfmfyd,14,0,t5_2qi58,soccer,1893818,Jos√© Mourinho criticises Ole Gunnar Solskjaer's tactics,0.26,https://en.onefootball.com/jose-mourinho-criticises-ole-gunnar-solskjaers-tactics/,/r/soccer/comments/bfmfyd/jos√©_mourinho_criticises_ole_gunnar_solskjaers/
281,2019-06-06 20:11:29,t3_bxldd6,19,0,t5_2qpfg,Everton,20371,Everton want Spurs player plus cash in exchange for Lucas Digne,0.16,https://onefootball.com/en/news/everton-want-spurs-player-plus-cash-in-exchange-for-lucas-digne-en-25908022?variable=20190606,/r/Everton/comments/bxldd6/everton_want_spurs_player_plus_cash_in_exchange/
282,2017-06-21 05:48:21,t3_6ijw4f,48,0,t5_2qi58,soccer,1893818,"Digne, ""Barcelona were better than Real Madrid in 2016-17.""",0.35,https://www.onefootball.com/en/news/digne-barca-were-better-than-laliga-champions-madrid-in-2016-17-en-14956353?variable=2017-06-20T06%3A31%3A17Z&_branch_match_id=178905347929470164,/r/soccer/comments/6ijw4f/digne_barcelona_were_better_than_real_madrid_in/
283,2019-07-21 09:16:57,t3_cfx6w3,20,0,t5_2qi58,soccer,1893818,Griezmann cried tears of joy after joining Barca from Atletico,0.3,https://onefootball.com/en/news/griezmann-cried-tears-of-joy-after-joining-barca-from-atletico-en-26424057?variable=20190721,/r/soccer/comments/cfx6w3/griezmann_cried_tears_of_joy_after_joining_barca/
284,2018-06-25 04:05:08,t3_8tnkuk,55,0,t5_2qi58,soccer,1893818,Xavi : Casemiro has Madrid DNA but is not the type of player for Barca,0.36,https://en.onefootball.com/xavi-tries-to-explain-constructive-criticism-about-casemiro/,/r/soccer/comments/8tnkuk/xavi_casemiro_has_madrid_dna_but_is_not_the_type/
285,2019-07-13 07:35:37,t3_ccmoji,34,0,t5_2qi58,soccer,1893818,Manchester United are in a bigger mess than they think,0.32,https://onefootball.com/en/news/opinion-manchester-united-are-in-a-bigger-mess-than-they-think-en-26299507?variable=20190713,/r/soccer/comments/ccmoji/manchester_united_are_in_a_bigger_mess_than_they/
